TWII.Open,TWII.High,TWII.Low,TWII.Close,TWII.Volume,TWII.Adjusted,add/less
7071.350098,7073.47998,6948.669922,6952.209961,1326600,6952.182612,null
7005.390137,7073.790039,7005.390137,7053.379883,1818200,7053.352135,101.169523
7093.069824,7116.220215,7064.580078,7082.970215,2132200,7082.942351,29.590216
7099.350098,7130.859863,7073.319824,7130.859863,2209000,7130.831811,47.88946
7129.529785,7139.040039,7090.470215,7120.509766,2354400,7120.481754,-10.350057
7103.089844,7103.089844,7050.25,7093.040039,1741000,7093.012136,-27.469618
7128.859863,7181.740234,7128.859863,7178.870117,2546400,7178.841876,85.82974
7203.100098,7212.359863,7184.379883,7188.209961,2389000,7188.181683,9.339807
7202.379883,7209.740234,7173.870117,7186.580078,2178800,7186.551807,-1.629876
7226.240234,7249.939941,7169.919922,7181.540039,2530000,7181.511788,-5.040019
7241.919922,7258.839844,7091.350098,7103.620117,2092600,7103.592172,-77.919616
7144.200195,7221.080078,7118.359863,7221.080078,2607400,7221.051671,117.459499
7235.540039,7245.129883,7194.549805,7233.689941,3019600,7233.661485,12.609814
7382.720215,7443.029785,7382.720215,7407.410156,3584800,7407.381016,173.719531
7436.52002,7517.080078,7421.009766,7517.080078,4300400,7517.050507,109.669491
7520.359863,7566.080078,7488.970215,7549.209961,4049800,7549.180263,32.129756
7613.790039,7652.459961,7578.759766,7652.459961,4452800,7652.429857,103.249594
7658.680176,7674.990234,7608.410156,7674.990234,4261800,7674.960042,22.530185
7752.279785,7752.279785,7677.560059,7687.97998,3712400,7687.949737,12.989695
7680.359863,7751.759766,7673.910156,7707.439941,2997600,7707.409621,19.459884
7766.379883,7869.910156,7766.379883,7869.910156,3991000,7869.879197,162.469576
7863.359863,7910.779785,7840.379883,7910.779785,4228800,7910.748665,40.869468
7922.609863,7941.629883,7848.779785,7862.27002,3965600,7862.23909,-48.509575
7849.209961,7917.959961,7837.580078,7912.910156,3467600,7912.879028,50.639938
7937.279785,7937.279785,7829.759766,7884.080078,3394800,7884.049063,-28.829965
7919.410156,8011.870117,7902.080078,8005.240234,3961800,8005.208743,121.15968
7983.75,8010.5,7851.620117,7869.700195,4457800,7869.669237,-135.539506
7956.910156,8013.459961,7862.109863,7894.359863,3787200,7894.328808,24.659571
7959.990234,7985.5,7913.649902,7954.819824,2815200,7954.788531,60.459723
7953.060059,7973.470215,7870.259766,7921.5,2942600,7921.468838,-33.319693
7908.379883,8018.540039,7897.649902,8001.680176,3485200,8001.648698,80.17986
7981.919922,7991.919922,7935.419922,7937.299805,2861400,7937.26858,-64.380118
7971.620117,7974.580078,7899.620117,7959.339844,2811000,7959.308532,22.039952
8046.140137,8121.439941,8046.140137,8121.439941,3454400,8121.407992,162.09946
8127.569824,8151.700195,8103.75,8118.339844,2838000,8118.307907,-3.100085
8161.870117,8170.720215,8114.140137,8144.040039,3160600,8144.008001,25.700094
8105.27002,8115.490234,7998.959961,8004.740234,2834600,8004.708744,-139.299257
8006.850098,8028.02002,7860.870117,7937.970215,3057000,7937.938988,-66.769756
7846.490234,7937.109863,7824.450195,7903.080078,2595200,7903.048988,-34.89
7952.939941,8000.930176,7905.5,7984.560059,2728800,7984.528648,81.47966
8012.589844,8027.080078,7965.680176,8016.009766,2700200,8015.978231,31.449583
8028.870117,8028.870117,7927.549805,7927.549805,2189200,7927.518618,-88.459613
7990.600098,8045.609863,7974.379883,8031.509766,2546000,8031.47817,103.959552
8132.959961,8170.310059,8113.759766,8125.259766,3113400,8125.227802,93.749632
8141.930176,8142.97998,8088.100098,8121.620117,2435400,8121.588167,-3.639635
8130.279785,8130.52002,8054.939941,8054.939941,2726400,8054.908254,-66.679913
8113.459961,8123.149902,7997.049805,8043.919922,2103800,8043.888278,-11.019976
8062.910156,8062.910156,7965.959961,7972.700195,1996000,7972.668831,-71.219447
7993.459961,8013.669922,7940.189941,7981.939941,2182400,7981.908541,9.23971
7997.660156,8075.970215,7995.569824,8059.939941,2196000,8059.908234,77.999693
8067.930176,8076.609863,8030.879883,8076.609863,1973800,8076.578091,16.669857
8073.930176,8073.930176,7958.720215,7967.620117,2166800,7967.588773,-108.989318
8033.220215,8033.220215,7978.740234,8029.459961,1976800,8029.428374,61.839601
8074.640137,8085.430176,8013.799805,8038.069824,1997800,8038.038203,8.609829
7997.870117,7997.870117,7808.549805,7872.660156,3208800,7872.629186,-165.409017
7832.220215,7933,7775.75,7933,2408600,7932.968792,60.339606
7905.879883,7928.430176,7859.560059,7862.899902,1675400,7862.86897,-70.099822
7896.720215,7907.620117,7723.390137,7760.850098,2535800,7760.819567,-102.049403
7603.310059,7667.040039,7528.029785,7639.819824,2431800,7639.78977,-121.029797
7667.899902,7713.240234,7638.049805,7706.259766,1921400,7706.22945,66.43968
7587.680176,7650.890137,7529.390137,7600.870117,1478200,7600.840216,-105.389234
7659.029785,7692.939941,7605.669922,7640.680176,1692200,7640.650118,39.809902
7592.939941,7666.069824,7573.049805,7656.669922,1641000,7656.639801,15.989683
7669.459961,7673.839844,7599,7662.919922,1762800,7662.889777,6.249976
7734.549805,7788.27002,7733.180176,7788.27002,2215400,7788.239381,125.349604
7747.359863,7749.490234,7714.140137,7729.859863,1476200,7729.829455,-58.409926
7736.700195,7752.100098,7585.870117,7585.870117,1955600,7585.840275,-143.98918
7676.47998,7683.950195,7590.97998,7605,1684000,7604.970083,19.129808
7602.279785,7632.72998,7528.040039,7622.689941,1619600,7622.659954,17.689871
7601.569824,7605.220215,7507.149902,7507.149902,1825600,7507.12037,-115.539584
7488.819824,7521.419922,7430.930176,7481.089844,1621600,7481.060414,-26.059956
7457.02002,7533.549805,7444.790039,7498.839844,1516400,7498.810344,17.74993
7552.779785,7569.25,7525.689941,7563.180176,1553200,7563.150423,64.340079
7596.529785,7600.450195,7509.879883,7521.350098,1598600,7521.320509,-41.829914
7569.290039,7598.450195,7459.75,7480.5,1940800,7480.470572,-40.849937
7439.220215,7501.720215,7422.140137,7501.720215,1614600,7501.690704,21.220132
7511.759766,7679.069824,7511.759766,7676.810059,2695600,7676.779859,175.089155
7671.060059,7681.22998,7643.089844,7659.529785,1847200,7659.499653,-17.280206
7619.72998,7704.870117,7614.990234,7700.950195,2075800,7700.9199,41.420247
7608.350098,7608.350098,7515.689941,7538.080078,1866000,7538.050424,-162.869476
7572.160156,7572.310059,7522.290039,7545.709961,1506000,7545.680277,7.629853
7485.330078,7513.709961,7448.899902,7475.709961,1653800,7475.680552,-69.999725
7479.140137,7523.370117,7470.810059,7484.009766,1362200,7483.980324,8.299772
7472.560059,7473.549805,7382.950195,7401.370117,1595600,7401.341001,-82.639323
7389.890137,7412.589844,7346.859863,7377.180176,1144200,7377.151155,-24.189846
7328.740234,7396.419922,7291.439941,7395.640137,1547000,7395.611043,18.459888
7376.709961,7399.830078,7234.569824,7234.569824,1879600,7234.541364,-161.069679
7304.399902,7356.77002,7274.319824,7356.77002,1840600,7356.741079,122.199715
7252.240234,7253.100098,7149.359863,7151.189941,2143800,7151.161809,-205.57927
7164.899902,7220.100098,7164.899902,7192.22998,1296000,7192.201687,41.039878
7257.959961,7274.890137,7232.52002,7274.890137,1506600,7274.861518,82.659831
7213.600098,7213.600098,7130.52002,7147.75,1546800,7147.721881,-127.139637
7155.740234,7190.549805,7090.470215,7124.890137,1644600,7124.862108,-22.859773
7116.330078,7139.759766,7066.390137,7071.629883,1330800,7071.602064,-53.260044
7067.549805,7136,7047.319824,7136,1110800,7135.971928,64.369864
7179.580078,7349.850098,7178.669922,7342.290039,2326000,7342.261155,206.289227
7331.640137,7331.640137,7222.879883,7261.799805,2155200,7261.771237,-80.489918
7184.910156,7301.5,7132.799805,7301.5,2517000,7301.471277,39.70004
7213.689941,7218.75,7106.089844,7106.089844,1836600,7106.061889,-195.409388
6907.129883,6937.330078,6857.350098,6894.660156,2139600,6894.633033,-211.428856
6988.52002,7037.569824,6967.310059,7000.450195,1634000,7000.422656,105.789623
7037.919922,7076.279785,7004.399902,7056.149902,1709000,7056.122144,55.699488
7133.779785,7139.160156,7052.359863,7080.310059,1657800,7080.282205,24.160061
7033.509766,7063.080078,6979.819824,6999.649902,1222000,6999.622366,-80.659839
7081.720215,7137.97998,7081.720215,7120.22998,1485200,7120.20197,120.579604
7036.439941,7076.370117,7026.27002,7072.080078,1160600,7072.052257,-48.149713
7103.200195,7109.339844,7059.850098,7088.830078,1321800,7088.802191,16.749934
7096.859863,7114.069824,7070.359863,7075.100098,1212800,7075.072265,-13.729926
7094,7166.080078,7085.919922,7155.830078,2347200,7155.801928,80.729663
7263.810059,7302.819824,7262.799805,7281.5,2049600,7281.471355,125.669427
7286.540039,7288.97998,7239.419922,7273.129883,1335800,7273.101271,-8.370084
7309.22998,7334.629883,7281.740234,7334.629883,1568400,7334.601029,61.499758
7301.790039,7311.390137,7259.109863,7279.049805,1513000,7279.02117,-55.579859
7210.799805,7229.72998,7185.310059,7222.049805,1374600,7222.021394,-56.999776
7222.609863,7222.609863,7157.899902,7166.379883,1277000,7166.351691,-55.669703
7145.220215,7156.990234,7117.169922,7137.930176,1349400,7137.902096,-28.449595
7137.990234,7199.319824,7127.97998,7183.009766,1275200,7182.981508,45.079412
7230.470215,7236.709961,7165.339844,7169.609863,1380000,7169.581659,-13.399849
7183.450195,7296.279785,7177.589844,7296.279785,1617200,7296.251082,126.669423
7332.089844,7359.990234,7318.220215,7345.160156,1833800,7345.131261,48.880179
7363.370117,7431.700195,7357.669922,7418.359863,1918000,7418.33068,73.199419
7414.560059,7442.549805,7397.799805,7422.589844,2111000,7422.560644,4.229964
7412.549805,7426.620117,7376.450195,7387.779785,1614800,7387.750722,-34.809922
7392.779785,7406.620117,7328.029785,7368.589844,1536400,7368.560856,-19.189866
7301.720215,7333.279785,7293.109863,7309.959961,1212400,7309.931204,-58.629652
7305.759766,7328.75,7228.879883,7251.350098,1614000,7251.321572,-58.609632
7207.080078,7261.589844,7202.379883,7257.910156,1463800,7257.881604,6.560032
7240.879883,7242.779785,7130.930176,7130.930176,1603400,7130.902123,-126.979481
7113.140137,7153.850098,7103.709961,7104.27002,1408400,7104.242072,-26.660051
7135.939941,7147.379883,7085.379883,7090.040039,1345000,7090.012148,-14.229924
7056.799805,7133.049805,7051.759766,7127,1630200,7126.971963,36.959815
7132.649902,7132.649902,7046.089844,7049.049805,1416600,7049.022074,-77.949889
7109.330078,7163.75,7098.180176,7148.569824,1587200,7148.541702,99.519628
7136.47998,7164.680176,7130.709961,7164.680176,1183400,7164.651991,16.110289
7105.990234,7105.990234,6996.180176,7028.72998,1392000,7028.70233,-135.949661
7004.439941,7015.759766,6968.779785,7008.350098,1498200,7008.322527,-20.379803
6932.120117,7036.950195,6922.72998,6979.129883,1588400,6979.102428,-29.220099
7012.939941,7023.97998,6963.569824,6970.689941,1604200,6970.662519,-8.439909
7060.430176,7124.490234,7045.310059,7124.490234,1832200,7124.462207,153.799688
7159.209961,7184.310059,7146.069824,7158.879883,1782200,7158.85172,34.389513
7140.529785,7270.490234,7140.529785,7270.490234,2121200,7270.461633,111.609913
7242.580078,7273.620117,7223.169922,7267.959961,1899400,7267.931369,-2.530264
7220.509766,7235.629883,7186.779785,7217.509766,1885600,7217.481373,-50.449996
7311.740234,7340.560059,7276.600098,7286.330078,2001000,7286.301414,68.820041
7289.890137,7300.990234,7265.959961,7295.459961,1793000,7295.431261,9.129847
7331.589844,7357.419922,7302.899902,7319.799805,2231000,7319.771009,24.339748
7341.870117,7435,7341.870117,7433.700195,2654200,7433.670952,113.899943
7443.359863,7458.22998,7409.430176,7441.120117,2080400,7441.090845,7.419893
7495.810059,7495.810059,7423.839844,7436.299805,1704200,7436.270551,-4.820294
7447.029785,7520.649902,7447.029785,7479.25,2058600,7479.220577,42.950026
7489.810059,7489.810059,7442.720215,7467.740234,1840400,7467.710857,-11.50972
7475.680176,7515.02002,7456.399902,7490.209961,2097200,7490.180495,22.469638
7502.850098,7516.709961,7467.919922,7467.919922,1945200,7467.890544,-22.289951
7482.049805,7485.160156,7422.439941,7431.910156,1526800,7431.88092,-36.009624
7459.5,7536.319824,7459.5,7506.810059,1986600,7506.780528,74.899608
7495.870117,7501.259766,7461.069824,7496.580078,1721000,7496.550587,-10.229941
7486.580078,7519.029785,7475.089844,7505.169922,1747800,7505.140397,8.58981
7479.569824,7494.359863,7454.850098,7477.529785,1779200,7477.500369,-27.640028
7504.450195,7523.540039,7457.75,7468.220215,1568200,7468.190836,-9.309533
7440.560059,7445.080078,7359.830078,7361.939941,1746800,7361.91098,-106.279856
7379.47998,7405.299805,7368.399902,7391.149902,1451600,7391.120826,29.209846
7372.060059,7404.939941,7360.100098,7371.439941,1892600,7371.410943,-19.709883
7363.25,7406.52002,7363.25,7397.060059,1582800,7397.030959,25.620016
7430.399902,7462.149902,7389.680176,7450.529785,1820400,7450.500475,53.469516
7471.310059,7479.009766,7440.029785,7451.350098,1888800,7451.320785,0.82031
7429.930176,7429.930176,7364.680176,7367.439941,1910000,7367.410959,-83.909826
7383.040039,7390.759766,7313.560059,7326.720215,1820200,7326.691392,-40.719567
7434.430176,7446.100098,7409.879883,7424.910156,2176200,7424.880947,98.189555
7435.339844,7482.740234,7435.339844,7482.740234,2304200,7482.710798,57.829851
7497.22998,7509.160156,7468.180176,7485.129883,1837000,7485.100437,2.389639
7518.680176,7571.419922,7515.040039,7570.450195,2700400,7570.420414,85.319977
7577.160156,7594.759766,7557.279785,7578.799805,2330000,7578.76999,8.349576
7660.379883,7738.049805,7660.379883,7738.049805,3645800,7738.019364,159.249374
7768.450195,7778.060059,7725.899902,7762.220215,3299400,7762.189679,24.170315
7740.569824,7757.040039,7714.430176,7734.259766,2445600,7734.22934,-27.960339
7739.52002,7781.910156,7726.350098,7781.910156,2740400,7781.879543,47.650203
7781.810059,7785.470215,7704.609863,7727.549805,2531400,7727.519405,-54.360138
7763.290039,7765.009766,7737.029785,7754.589844,2249600,7754.559338,27.039933
7760.330078,7781.549805,7706.950195,7768.299805,2099200,7768.269245,13.709907
7766.439941,7789.390137,7720.439941,7734.129883,2068400,7734.099457,-34.169788
7702.77002,7708.899902,7649.5,7669.629883,2122800,7669.599711,-64.499746
7665.890137,7699.22998,7658.509766,7683.799805,1925200,7683.769577,14.169866
7704.22998,7721.290039,7665.350098,7715.160156,2022400,7715.129806,31.360229
7702.120117,7707.890137,7657.879883,7675.720215,1410200,7675.690019,-39.439787
7703.100098,7726.609863,7683.029785,7718.680176,1613000,7718.649811,42.959792
7727.47998,7727.529785,7680.97998,7684.629883,1531200,7684.599652,-34.050159
7678.47998,7689.080078,7621.379883,7682.339844,1783200,7682.309622,-2.29003
7694.049805,7721.930176,7675.47998,7690.649902,1803200,7690.619648,8.310026
7707.970215,7707.970215,7612.870117,7615.890137,1545200,7615.860177,-74.759471
7593.580078,7631.959961,7590.75,7592.009766,1845000,7591.979899,-23.880278
7494.580078,7501.220215,7448.060059,7451.720215,1956600,7451.6909,-140.288999
7456.509766,7478.509766,7398.799805,7437.040039,1560800,7437.010782,-14.680118
7433.220215,7433.680176,7392.609863,7418.899902,1186200,7418.870717,-18.140065
7437.790039,7471.02002,7437.790039,7471.02002,1487000,7470.990629,52.119912
7505.410156,7518.359863,7450.290039,7464.399902,1839800,7464.370538,-6.620091
7474.069824,7495.450195,7448.060059,7465.410156,1300800,7465.380788,1.01025
7443.609863,7449.220215,7402.660156,7408.759766,1410400,7408.73062,-56.650168
7333.240234,7373.040039,7310.790039,7373.040039,1241400,7373.011034,-35.719586
7367.459961,7375.5,7326.390137,7337.47998,1201000,7337.451116,-35.559918
7288.140137,7348.450195,7274.879883,7314.879883,1380800,7314.851107,-22.600009
7329.5,7339.209961,7260,7262.080078,1509400,7262.05151,-52.799597
7291.97998,7298.47998,7132.77002,7134.060059,2529400,7134.031994,-128.019516
7147.200195,7165.100098,7091.189941,7091.669922,1832200,7091.642024,-42.38997
7131.149902,7206.350098,7131.149902,7182.589844,1781000,7182.561588,90.919564
7220.02002,7222.839844,7139.169922,7166.049805,1588000,7166.021614,-16.539974
7141.970215,7188.22998,7050.049805,7179.640137,1918000,7179.611893,13.590279
7232.200195,7235.129883,7199.569824,7210.470215,1967600,7210.44185,30.829957
7200.77002,7216.299805,7161.700195,7185.359863,1253800,7185.331597,-25.110253
7223.02002,7236.680176,7165.580078,7236.680176,1262000,7236.651707,51.32011
7249.75,7287.180176,7220.040039,7287.180176,1593400,7287.151509,50.499802
7229,7242.629883,7190.990234,7242.629883,1573400,7242.601391,-44.550118
7206.160156,7302.27002,7170.290039,7293.220215,1911000,7293.191524,50.590133
7303.930176,7307.589844,7264.02002,7267.75,1519200,7267.721409,-25.470115
7262.649902,7262.649902,7129.870117,7136.049805,1702800,7136.021732,-131.699677
7141.580078,7165.859863,7107.779785,7159.75,1287400,7159.721834,23.700102
7132.02002,7158.740234,7066.279785,7143.839844,1327800,7143.811741,-15.910093
7125.240234,7194.279785,7108.839844,7130.069824,1422200,7130.041775,-13.769966
7134.709961,7162.120117,7125.209961,7129.040039,1214400,7129.011994,-1.029781
7179.100098,7189.100098,7141.160156,7145.77002,1228800,7145.741909,16.729915
7150.240234,7169.399902,7061.870117,7088.490234,1433800,7088.462349,-57.27956
7116.799805,7134.779785,7097.379883,7105.759766,1171600,7105.731812,17.269463
7148.970215,7326.009766,7148.970215,7326.009766,2264600,7325.980946,220.249134
7372.379883,7407.370117,7370.279785,7407.370117,2199600,7407.340977,81.360031
7408.740234,7436.779785,7384.970215,7430.200195,1985400,7430.170966,22.829989
7418.419922,7434.930176,7385.910156,7434.930176,1973000,7434.900927,4.729961
7468.930176,7521.52002,7466.490234,7503.549805,2635600,7503.520286,68.619359
7519.069824,7590.689941,7515.149902,7580.169922,3157800,7580.140102,76.619816
7582.649902,7628.290039,7562.189941,7599.910156,2437800,7599.880259,19.740157
7572.109863,7600.97998,7536.660156,7600.97998,2494600,7600.950079,1.06982
7575.629883,7650.120117,7567.459961,7649.049805,3147200,7649.019714,48.069635
7660.970215,7673.620117,7616.790039,7623.259766,2726600,7623.229776,-25.789938
7640.25,7672.919922,7631.629883,7642.259766,2334600,7642.229702,18.999926
7658.390137,7669.049805,7603.25,7609.5,1913200,7609.470065,-32.759637
7621,7630.660156,7556.669922,7613.689941,2256200,7613.65999,4.189925
7653.899902,7696.02002,7645.540039,7690.189941,2206800,7690.159689,76.499699
7713.689941,7757.089844,7699.410156,7757.089844,2968600,7757.059328,66.899639
7722.879883,7723.740234,7686.319824,7698.77002,2683200,7698.739733,-58.319595
7664.970215,7683.319824,7603.509766,7631.279785,2267000,7631.249764,-67.489969
7620.290039,7643.740234,7616.040039,7643.740234,2017800,7643.710165,12.460401
7671.129883,7685.629883,7647.009766,7677.470215,2504600,7677.440012,33.729847
7646.129883,7646.129883,7574.560059,7595.459961,2252400,7595.430081,-82.009931
7592.569824,7608.810059,7491.52002,7519.930176,2356200,7519.900593,-75.529488
7542.660156,7566.089844,7520.620117,7535.52002,1590800,7535.490375,15.589782
7556.240234,7654.600098,7543.830078,7636.569824,1870600,7636.539783,101.049408
7646.509766,7683.089844,7633.830078,7634.189941,1974200,7634.159909,-2.379874
7634.799805,7661.009766,7622.72998,7648.410156,1801600,7648.380068,14.220159
7700.870117,7708.310059,7665.040039,7699.5,1978600,7699.469711,51.089643
7738.049805,7793.47998,7715.259766,7779.220215,2194600,7779.189612,79.719901
7826.339844,7855.160156,7815.290039,7836.839844,2964400,7836.809014,57.619402
7818.27002,7818.27002,7773.060059,7805.990234,2696800,7805.959526,-30.849488
7797.049805,7797.049805,7725.470215,7755.089844,2421000,7755.059336,-50.90019
7737.069824,7751.799805,7692.97998,7721.660156,2211200,7721.62978,-33.429556
7726.399902,7763.970215,7703.22998,7738.640137,2471400,7738.609694,16.979914
7780.97998,7825.060059,7760.089844,7811.640137,3319400,7811.609406,72.999712
7843.569824,7845.359863,7801.689941,7819.149902,2405200,7819.119143,7.509737
7795.680176,7823.970215,7731.319824,7823.970215,2142800,7823.939436,4.820293
7823.509766,7823.509766,7744.390137,7765.02002,2520200,7764.989473,-58.949963
7766.089844,7769.180176,7700.430176,7700.430176,2272200,7700.399883,-64.58959
7748.569824,7774.970215,7603.27002,7616.640137,2929200,7616.610174,-83.789709
7697.279785,7732.870117,7676.109863,7732.870117,2113400,7732.839697,116.229523
7725.359863,7739.370117,7674.180176,7724.919922,1515400,7724.889533,-7.950164
7746.790039,7759.470215,7699.25,7759.100098,1580400,7759.069574,34.180041
7773.200195,7773.200195,7730.100098,7744.180176,1655600,7744.149711,-14.919863
7717.040039,7724.680176,7653.620117,7695.990234,1862000,7695.959959,-48.189752
7695.25,7704.310059,7637.200195,7672.580078,1697200,7672.549895,-23.410064
7685.669922,7717.350098,7685.669922,7714.669922,1602400,7714.639573,42.089678
7744.149902,7802,7739.600098,7802,1904200,7801.969308,87.329735
7832.950195,7847.209961,7804.709961,7832.97998,2252800,7832.949166,30.979858
7832.870117,7850.02002,7800.899902,7850.02002,2116800,7849.989138,17.039972
7853.75,7866.22998,7832,7855.970215,1838800,7855.93931,5.950172
7882.759766,7929.970215,7880.290039,7923.160156,2678600,7923.128987,67.189677
7896.669922,7896.669922,7863.910156,7886.939941,2316000,7886.908915,-36.220072
7925.259766,7941.649902,7906.649902,7906.649902,2554200,7906.618798,19.709883
8000.689941,8005.72998,7927.950195,7943.529785,2578000,7943.498536,36.879738
7974.399902,7974.399902,7946.089844,7960.879883,2308600,7960.848565,17.350029
8021.310059,8029.100098,7995.160156,8029.100098,2992000,8029.068512,68.219947
8020.52002,8020.52002,7957.459961,7957.459961,2235600,7957.428657,-71.639855
7947.879883,7970.240234,7913.160156,7947.720215,2307600,7947.688949,-9.739708
7986.870117,7995.109863,7947.680176,7947.680176,2144800,7947.64891,-0.040039
7891.410156,7927.490234,7871.22998,7880.899902,1918400,7880.8689,-66.78001
7886.029785,7912.850098,7873.290039,7897.97998,1921400,7897.948911,17.080011
7897.97998,7897.97998,7897.97998,7897.97998,0,7897.948911,0
7917.720215,7964.629883,7917.720215,7964.629883,2114200,7964.598551,66.64964
7966.220215,7966.220215,7849.52002,7867.339844,2278000,7867.308894,-97.289657
7910.439941,7939.850098,7882.560059,7932.709961,2246200,7932.678754,65.36986
7958.109863,7982.390137,7936.859863,7950.299805,2329600,7950.268529,17.589775
7950.899902,7984.290039,7942.370117,7960.509766,2261400,7960.47845,10.209921
7981,8029.140137,7981,8015.140137,2719000,8015.108606,54.630156
8021.879883,8089.209961,8001.850098,8038.720215,2878800,8038.688591,23.579985
8039,8063.22998,7986.589844,7994.709961,2738000,7994.67851,-44.010081
8018.899902,8047.560059,7962.419922,7995.509766,2224400,7995.478312,0.799802
8002.419922,8002.709961,7946.290039,7951.759766,2150200,7951.728484,-43.749828
7989.669922,7999.919922,7924.939941,7927.490234,2530400,7927.459048,-24.269436
7886.689941,7888.160156,7807.609863,7811.339844,2031400,7811.309115,-116.149933
7843.470215,7863.77002,7823.810059,7838.470215,1804200,7838.439379,27.130264
7834.72998,7844.540039,7786.560059,7798.029785,1954200,7797.999108,-40.440271
7828.950195,7843.160156,7811.839844,7811.839844,1695800,7811.809113,13.810005
7811.52002,7832.589844,7796.220215,7796.220215,1727200,7796.189545,-15.619568
7862.580078,7877.049805,7854.470215,7856.120117,1806800,7856.089212,59.899667
7873.700195,7876.680176,7845.560059,7856.359863,1850200,7856.328957,0.239745
7872.75,7894.259766,7857.319824,7894.120117,1851200,7894.089062,37.760105
7905.709961,7905.709961,7844.839844,7866.879883,1813200,7866.848935,-27.240127
7904.5,7931.700195,7883.810059,7918.609863,1594000,7918.578712,51.729777
7934.25,7937.72998,7896.569824,7899.240234,1560000,7899.20916,-19.369552
7897.160156,7924.459961,7879.549805,7913.180176,1638000,7913.149046,13.939886
7949.120117,7954.149902,7913.77002,7942.350098,1919600,7942.318853,29.169807
7831.220215,7843.100098,7747.470215,7752.790039,2561600,7752.75954,-189.559313
7766.620117,7781.129883,7714.930176,7728.540039,1888800,7728.509636,-24.249904
7772.950195,7772.950195,7739.990234,7752.799805,1736400,7752.769306,24.25967
7788.580078,7857.97998,7788.580078,7857.97998,1842000,7857.949068,105.179762
7861.120117,7864.859863,7810.540039,7821.629883,1677600,7821.599113,-36.349955
7815.319824,7835.120117,7753.240234,7763.529785,1634200,7763.499244,-58.099869
7690.910156,7801.049805,7688.620117,7801.049805,1548000,7801.019116,37.519872
7822.810059,7822.810059,7791.529785,7809.069824,1906600,7809.039104,8.019988
7781.47998,7826.129883,7757.330078,7791.350098,1784600,7791.319447,-17.719657
7868.899902,7933.720215,7862.919922,7930.799805,2033800,7930.768606,139.449159
7976.100098,7996.549805,7950.009766,7970.379883,1947200,7970.348528,39.579922
7955.919922,7968.790039,7913.600098,7942.77002,1876400,7942.738773,-27.609755
7977.399902,8025.450195,7968.279785,8023.709961,2412000,8023.678396,80.939623
8015.379883,8026.459961,7994.189941,8021.75,1941400,8021.718443,-1.959953
8034.470215,8081.370117,8020.470215,8022.060059,2227800,8022.028501,0.310058
8043.709961,8046.220215,8014.27002,8029.740234,1796200,8029.708646,7.680145
8065.919922,8115.589844,8065.919922,8093.660156,2283200,8093.628317,63.919671
8111.430176,8139.490234,8095.700195,8128.509766,2151000,8128.477789,34.849472
8157.509766,8175.330078,8121.069824,8135.029785,2032400,8134.997783,6.519994
8188.47998,8197.519531,8153.959961,8169.049805,1971000,8169.017668,34.019885
8177.580078,8181.799805,8145.100098,8163.060059,1872600,8163.027946,-5.989722
8177.939941,8284.089844,8177.939941,8267.089844,2467800,8267.057322,104.029376
8314.370117,8322.69043,8279.459961,8285.889648,2414000,8285.857053,18.799731
8284.379883,8297.330078,8258.620117,8280.259766,2270000,8280.227192,-5.629861
8285.450195,8296.540039,8230.650391,8248.320312,1958400,8248.287864,-31.939328
8272.200195,8295.410156,8233.980469,8251.820312,1960600,8251.787851,3.499987
8264.099609,8320.320312,8251.509766,8318.589844,2302600,8318.557119,66.769268
8362.490234,8414.879883,8346.450195,8390.049805,3446200,8390.016799,71.45968
8377.259766,8402.339844,8356.790039,8368.19043,2547200,8368.15751,-21.859289
8364.950195,8385.679688,8347.330078,8377.049805,2114400,8377.01685,8.85934
8381.360352,8420.679688,8361.959961,8383.049805,2660600,8383.016827,5.999977
8414.05957,8439.150391,8376.209961,8398.839844,3031400,8398.806803,15.789976
8367.849609,8373.089844,8235.5,8237.830078,3340000,8237.797671,-161.009132
8273.209961,8277.55957,8172.540039,8209.780273,2450400,8209.747977,-28.049694
8218.879883,8280.099609,8210.320312,8280.099609,1894000,8280.067036,70.319059
8289.150391,8303.709961,8261.540039,8263.049805,1988600,8263.017299,-17.049737
8303.200195,8344.209961,8303.200195,8337.900391,2471400,8337.86759,74.850291
8316.969727,8316.969727,8228.799805,8243.290039,2458800,8243.257611,-94.609979
8318.769531,8334.44043,8237.080078,8254.799805,3586800,8254.767331,11.50972
8177.970215,8225.790039,8149.450195,8201.019531,2142200,8200.987269,-53.780062
8243.219727,8250.169922,8180.390137,8191.220215,2192000,8191.187991,-9.799278
8195.519531,8216.30957,8161.100098,8181.910156,2282800,8181.877969,-9.310022
8135.560059,8162.25,8088.310059,8096.140137,2347800,8096.108287,-85.769682
8113.950195,8146.779785,8071.97998,8095.200195,2536400,8095.16835,-0.939937
8161.509766,8190.870117,8142.709961,8160.549805,1703000,8160.517702,65.349352
8178.950195,8178.950195,8116.149902,8116.149902,1809000,8116.117974,-44.399728
8041.5,8057.330078,7951.660156,7951.660156,2286800,7951.628875,-164.489099
7978.75,7989.189941,7912.370117,7937.740234,2085600,7937.709008,-13.919867
7953.649902,7999.430176,7940.720215,7992.890137,1509200,7992.858693,55.149685
7994.810059,8024.950195,7955.740234,8011.02002,1719200,8010.988505,18.129812
8033.319824,8056.189941,8005.569824,8007.390137,1797800,8007.358636,-3.629869
7952.359863,7962.759766,7890.930176,7898.910156,2156200,7898.879083,-108.479553
7778.839844,7815.790039,7739.089844,7793.310059,3274800,7793.2794,-105.599683
7788.450195,7815.100098,7744.490234,7758.029785,2153600,7757.999266,-35.280134
7750.339844,7792.27002,7663.22998,7663.22998,2368000,7663.199834,-94.799432
7789.339844,7821.140137,7742.200195,7784.799805,2405200,7784.76918,121.569346
7841.319824,7884.129883,7834.330078,7883.899902,2369400,7883.868888,99.099708
7928.540039,8062.209961,7891.060059,8062.209961,2251800,8062.178245,178.309357
8011.950195,8063.470215,7974.149902,8036,2063400,8035.968387,-26.209858
8061.839844,8064.120117,8012.790039,8015.859863,1986800,8015.82833,-20.140057
7991.529785,7995.299805,7899.080078,7911.419922,2276800,7911.388799,-104.439531
7919.259766,7927.080078,7877.060059,7893.720215,1796800,7893.689162,-17.699637
7932.299805,8018.930176,7926.350098,8001.819824,1885000,8001.788346,108.099184
7980.109863,7992.160156,7885,7886.339844,1742000,7886.30882,-115.479526
7891.529785,7975.640137,7891.370117,7971.180176,1739400,7971.148818,84.839998
7974.990234,8057.919922,7974.990234,8011.689941,2279800,8011.658424,40.509606
8080.970215,8179.540039,8080.970215,8179.540039,2724800,8179.507862,167.849438
8187.859863,8220.490234,8169.919922,8220.490234,2277800,8220.457896,40.950034
8178.259766,8254.679688,8175.549805,8254.679688,2128200,8254.647214,34.189318
8243.620117,8260.110352,8222.169922,8260.110352,2449000,8260.077857,5.430643
8239.099609,8260.25,8208.709961,8258.950195,2677400,8258.917705,-1.160152
8238.280273,8265.700195,8181.990234,8194.879883,2557800,8194.847645,-64.07006
8117.939941,8139.810059,8046.700195,8062.029785,2541200,8061.99807,-132.849575
8092.029785,8137.370117,8092.029785,8105.450195,1948400,8105.418309,43.420239
8152.720215,8220.889648,8145.089844,8214.650391,2607200,8214.618075,109.199766
8222.849609,8233.099609,8172.22998,8196.19043,2210200,8196.158187,-18.459888
8173.189941,8203.490234,8140.410156,8163.580078,2044600,8163.547963,-32.610224
8188.359863,8222.820312,8135.72998,8149.399902,1833800,8149.367843,-14.18012
8146.140137,8163.890137,8074.290039,8084.5,1566000,8084.468196,-64.899647
8113.169922,8176.740234,8112.910156,8163.549805,1789200,8163.51769,79.049494
8163.439941,8170.569824,8107.600098,8107.939941,2083500,8107.908046,-55.609644
8110.72998,8113.399902,8056.220215,8056.220215,2017200,8056.188522,-51.719524
8114.509766,8162.910156,8087.100098,8099.879883,2267000,8099.848019,43.659497
8104.200195,8143.439941,8075.990234,8138.629883,1870100,8138.597866,38.749847
8129.850098,8129.850098,8028.930176,8038.910156,2093500,8038.878532,-99.719334
7993.569824,7993.569824,7921.290039,7921.290039,2091200,7921.258877,-117.619655
7910.200195,7932.350098,7894.180176,7907.669922,1950400,7907.638814,-13.620063
7955,7955,7853.970215,7856.140137,2009000,7856.109231,-51.529583
7878.220215,7908.680176,7862.040039,7903.379883,1668000,7903.348792,47.239561
7935.790039,7986.27002,7935.790039,7986.27002,1916200,7986.238602,82.88981
7978.740234,7981.560059,7926.22998,7951.330078,2004300,7951.298798,-34.939804
7903.009766,7916.02002,7850.27002,7887.259766,2166600,7887.228738,-64.07006
7854.680176,7949.430176,7850.490234,7925,2037700,7924.968824,37.740086
7937.450195,7944.740234,7888.870117,7900.209961,1804300,7900.178882,-24.789942
7896.379883,7924.52002,7829.779785,7832.649902,2051400,7832.619089,-67.559793
7779.439941,7825.560059,7737.330078,7814.379883,2255900,7814.349142,-18.269947
7863.72998,7895.129883,7845.919922,7873.310059,1946600,7873.279086,58.929944
7906.52002,7913.740234,7874.049805,7894.970215,1564000,7894.939157,21.660071
7875.930176,7895.22998,7820.839844,7820.839844,1852400,7820.809077,-74.13008
7776.870117,7834.109863,7761.759766,7824.540039,1666200,7824.509258,3.700181
7841.990234,7931.049805,7841.990234,7917.660156,1754200,7917.629009,93.119751
7949.990234,8021.890137,7936.819824,8021.890137,2087800,8021.858579,104.22957
8010.149902,8052.709961,7993.129883,8038.859863,1807200,8038.828239,16.96966
8095.660156,8102.660156,8067.620117,8088.370117,2107400,8088.338298,49.510059
8066.669922,8094.120117,8041.490234,8083.439941,2034100,8083.408142,-4.930156
8109.240234,8169.100098,8107.220215,8169.100098,2419300,8169.067961,85.659819
8180.529785,8182.560059,8155.5,8164.200195,2418400,8164.168078,-4.899883
8176.470215,8192.110352,8117.870117,8192.110352,2156500,8192.078125,27.910047
8217.209961,8238.910156,8155.870117,8208.769531,2388600,8208.737239,16.659114
8174.540039,8208.990234,8137.069824,8208.990234,2169100,8208.957941,0.220702
8180.379883,8226.610352,8177.029785,8225.360352,2168200,8225.327994,16.370053
8210.150391,8228.669922,8162.140137,8168.200195,1606400,8168.168062,-57.159932
8189.609863,8255.339844,8189.609863,8255.339844,1894800,8255.307368,87.139306
8241.030273,8249.780273,8218.94043,8249.780273,1632500,8249.74782,-5.559548
8248.179688,8263.049805,8209.179688,8209.179688,1853300,8209.147393,-40.600427
8226.799805,8293.030273,8221.339844,8292.830078,2274900,8292.797455,83.650062
8295.5,8310.94043,8265.549805,8299.120117,2283200,8299.087469,6.290014
8283.599609,8285.280273,8253.429688,8283.900391,2257100,8283.867803,-15.219666
8290.099609,8290.099609,8184.680176,8184.680176,2068800,8184.647978,-99.219825
8222.129883,8244.860352,8207.719727,8230.679688,2154900,8230.647309,45.999331
8174.859863,8204.400391,8137.109863,8173.870117,1885800,8173.837962,-56.809347
8173.990234,8222.379883,8172.790039,8187.02002,2001300,8186.987813,13.149851
8215.959961,8228.80957,8204.339844,8216.519531,2471200,8216.487208,29.499395
8231.679688,8376.790039,8231.679688,8359.019531,3252800,8358.986648,142.49944
8345.820312,8376.05957,8336.610352,8364.549805,2566700,8364.516899,5.530251
8354.910156,8361.5,8323.790039,8333.660156,2777100,8333.627372,-30.889527
8340.330078,8375.650391,8311.589844,8375.650391,2581600,8375.617442,41.99007
8352.25,8378.370117,8330.790039,8344.730469,2605200,8344.697641,-30.919801
8407.450195,8433.530273,8349.370117,8349.370117,2618600,8349.337272,4.639631
8339.990234,8343.650391,8269.160156,8273.959961,2278900,8273.927412,-75.40986
8320.480469,8368.019531,8320.480469,8367.879883,2286900,8367.846964,93.919552
8384.030273,8384.030273,8332.179688,8332.179688,2017400,8332.146909,-35.700055
8390.879883,8415.160156,8364.889648,8374.679688,2263300,8374.646742,42.499833
8416.330078,8441.19043,8390.320312,8441.19043,2315100,8441.157223,66.510481
8456.679688,8459.299805,8400.05957,8419.320312,1980700,8419.287192,-21.870031
8407.620117,8425.30957,8376.269531,8418.269531,1945800,8418.236415,-1.050777
8419.799805,8438.950195,8380.150391,8393.620117,1912600,8393.587097,-24.649318
8364.450195,8413.719727,8346.519531,8413.719727,1662800,8413.686628,20.099531
8380.30957,8390.25,8322.150391,8346.620117,1962800,8346.587282,-67.099346
8365.429688,8414.80957,8348.419922,8407.830078,1712900,8407.797003,61.209721
8394.849609,8432.900391,8380.209961,8420.980469,1822800,8420.947341,13.150338
8429.400391,8465.05957,8419.209961,8465.05957,2049400,8465.02627,44.078929
8437.759766,8469.580078,8424.469727,8450.05957,2269000,8450.026329,-14.999941
8474.469727,8476.629883,8378.94043,8388.179688,2146900,8388.146689,-61.87964
8371.830078,8371.830078,8333.629883,8354.139648,2064200,8354.106784,-34.039905
8354.919922,8372.799805,8262.200195,8262.200195,2292100,8262.167693,-91.939091
8275.070312,8297.570312,8232.5,8281.969727,2237200,8281.937146,19.769453
8298.05957,8298.05957,8250.719727,8283.709961,2161800,8283.677374,1.740228
8235.299805,8266.719727,8216.330078,8229.589844,1863300,8229.557469,-54.119905
8228.900391,8242.410156,8168.919922,8182.560059,1862200,8182.527869,-47.0296
8233.620117,8233.620117,8160.169922,8195.259766,2131400,8195.227526,12.699657
8199.259766,8199.259766,8104.259766,8104.259766,1783600,8104.227884,-90.999642
8137.819824,8161.700195,8100.72998,8134.910156,2146800,8134.878154,30.65027
8168.899902,8210.099609,8160.279785,8177.120117,1940800,8177.087949,42.209795
8201.849609,8226.610352,8186.470215,8191.459961,1750600,8191.427736,14.339787
8215,8260.820312,8215,8260.209961,1918200,8260.177466,68.74973
8250.30957,8262.910156,8204.459961,8204.459961,1928700,8204.427685,-55.749781
8197.860352,8203.450195,8093.819824,8099.450195,1835300,8099.418333,-105.009352
8107.97998,8142.720215,8107.97998,8116.779785,1605200,8116.747855,17.329522
8182.899902,8217.620117,8182.899902,8187.509766,1923100,8187.477557,70.729702
8200.700195,8281.379883,8187.279785,8248.019531,2635900,8247.987084,60.509527
8287.629883,8312.320312,8279.509766,8295.879883,2058100,8295.847248,47.860164
8320.650391,8377.80957,8320.650391,8362.429688,2379200,8362.39679,66.549542
8374.139648,8414.790039,8365.320312,8406.830078,2180600,8406.797006,44.400216
8429.240234,8437.129883,8391.820312,8414.610352,1737900,8414.577249,7.780243
8407.740234,8418.230469,8390.730469,8392.549805,1925000,8392.516789,-22.06046
8379.44043,8435.230469,8375.790039,8418,2133000,8417.966884,25.450095
8430.530273,8437.599609,8362.389648,8375.540039,1962700,8375.50709,-42.459794
8372.610352,8410.19043,8361.990234,8367.719727,1851000,8367.686809,-7.820281
8439.759766,8477.870117,8433.80957,8444.620117,2056400,8444.586897,76.900088
8451.80957,8459.490234,8421.589844,8443.389648,1839200,8443.356433,-1.230464
8450.959961,8501.769531,8413.519531,8433.769531,2122800,8433.736354,-9.620079
8405.620117,8406.929688,8361.330078,8361.330078,1620900,8361.297185,-72.439169
8355.009766,8391.820312,8346.830078,8376.94043,1787700,8376.907476,15.610291
8368.830078,8374.209961,8313.870117,8313.870117,1717500,8313.837411,-63.070065
8351.980469,8384.259766,8351.980469,8352.929688,1800100,8352.896828,39.059417
8361.75,8375.519531,8333.30957,8349.040039,1814900,8349.007195,-3.889633
8400.389648,8426.080078,8378.780273,8407.400391,2037300,8407.367317,58.360122
8400.209961,8439.370117,8392.379883,8408.530273,2007200,8408.497195,1.129878
8441.160156,8477.469727,8441.160156,8456.459961,2120800,8456.426694,47.929499
8473.019531,8478.089844,8450.490234,8450.490234,1701500,8450.456991,-5.969703
8461.490234,8484.049805,8457.870117,8467.759766,1725200,8467.726454,17.269463
8467.730469,8492.709961,8465.849609,8485.889648,1618300,8485.856266,18.129812
8490.730469,8543.5,8488.44043,8535.040039,1975600,8535.006463,49.150197
8552.129883,8623.429688,8552.129883,8623.429688,2361800,8623.395764,88.389301
8636.5,8647.240234,8593.75,8611.509766,2324300,8611.475889,-11.919875
8618.599609,8632.80957,8587.540039,8612.540039,2537600,8612.506158,1.030269
8584.740234,8584.740234,8537.860352,8546.540039,2539700,8546.506418,-65.99974
8553,8568.240234,8488.639648,8500.009766,2640100,8499.976327,-46.530091
8515.360352,8547.19043,8512.299805,8512.299805,2598900,8512.266318,12.289991
8548.610352,8587.080078,8548.610352,8556.009766,3206300,8555.976107,43.709789
8555.799805,8569.110352,8506.019531,8514.679688,3819600,8514.646192,-41.329915
8559.179688,8559.179688,8521.5,8529.349609,2730100,8529.316056,14.669864
8587.490234,8607.230469,8558.959961,8566.200195,2662700,8566.166497,36.850441
8545.459961,8568.30957,8523.459961,8548.139648,2289900,8548.106021,-18.060476
8567.80957,8619.55957,8567.80957,8602.549805,2869000,8602.515963,54.409942
8653.540039,8668.950195,8610.240234,8612.110352,2832700,8612.076472,9.560509
8628.490234,8628.860352,8580.490234,8596,2288800,8595.966184,-16.110288
8595.589844,8636.209961,8584.5,8621.55957,2277900,8621.525654,25.55947
8639.709961,8650.139648,8599.900391,8599.900391,2478200,8599.866559,-21.659095
8598.980469,8633.570312,8596.990234,8625.299805,2141700,8625.265874,25.399315
8644.55957,8647.870117,8595.099609,8595.099609,2056700,8595.065797,-30.200077
8581.490234,8608.639648,8577.139648,8598.30957,1936800,8598.275745,3.209948
8519.480469,8519.480469,8442.19043,8462.570312,2605100,8462.537022,-135.738723
8290.169922,8313.830078,8230.459961,8264.480469,3156100,8264.447957,-198.089065
8286.160156,8333.55957,8284.769531,8311.009766,2451100,8310.977071,46.529114
8383.990234,8409.030273,8356.929688,8387.349609,2427200,8387.316614,76.339543
8416.419922,8447.019531,8391.950195,8391.950195,2048200,8391.917182,4.600568
8413.860352,8439.330078,8401.540039,8430.55957,1955500,8430.526405,38.609223
8471.509766,8510.870117,8471.509766,8510.870117,2388700,8510.836636,80.310231
8506.219727,8511.019531,8467.700195,8467.700195,2100200,8467.666884,-43.169752
8524.540039,8566.990234,8508.240234,8513.679688,2340800,8513.646195,45.979311
8537.830078,8558.5,8512.599609,8519.549805,1889000,8519.51629,5.870095
8530.80957,8556.230469,8506.05957,8556.230469,1903400,8556.196809,36.680519
8565.05957,8577.009766,8543.150391,8577.009766,2203700,8576.976024,20.779215
8555.269531,8567.5,8513.080078,8524.620117,2399900,8524.586582,-52.389442
8571.290039,8612.080078,8571.290039,8601.860352,2588600,8601.826513,77.239931
8603.610352,8612.209961,8541.650391,8560.610352,2464800,8560.576675,-41.249838
8581.139648,8598.730469,8564.509766,8575.620117,2395800,8575.586381,15.009706
8569.040039,8626.679688,8563.870117,8600.860352,2598300,8600.826517,25.240136
8626.509766,8647.900391,8615.410156,8639.580078,2515200,8639.546091,38.719574
8627.150391,8628.049805,8545.240234,8601.980469,2549200,8601.946629,-37.599462
8583.580078,8595.589844,8554.540039,8554.540039,2380400,8554.506386,-47.440243
8622.19043,8652.219727,8622.19043,8632.929688,2453300,8632.895726,78.38934
8660.290039,8719.169922,8660.290039,8713.790039,2719200,8713.75576,80.860034
8754.740234,8787.620117,8698.599609,8713.959961,3139500,8713.925681,0.169921
8706.429688,8712.879883,8651.540039,8665.240234,2100000,8665.206146,-48.719535
8694.959961,8716.30957,8684.629883,8702.330078,2194700,8702.295844,37.089698
8671.400391,8684.730469,8651.990234,8684.730469,2232300,8684.696304,-17.59954
8737.80957,8768.660156,8732.150391,8747.790039,2708000,8747.755626,63.059322
8697.730469,8709.55957,8677.80957,8687.629883,2247300,8687.595706,-60.15992
8697.259766,8708.400391,8662.490234,8700.099609,2240400,8700.065384,12.469678
8747.379883,8759.549805,8713.509766,8731.94043,2490300,8731.906079,31.840695
8745.019531,8749.799805,8682.75,8689.459961,2362300,8689.425777,-42.480302
8638.589844,8638.589844,8580.400391,8597.330078,2381800,8597.296257,-92.12952
8642.820312,8642.820312,8562.570312,8577.169922,2469800,8577.13618,-20.160077
8540.269531,8605.379883,8508.009766,8605.379883,1978400,8605.34603,28.20985
8589.19043,8689.299805,8589.19043,8689.299805,2018100,8689.265622,83.919592
8741.030273,8746.709961,8717.790039,8737.269531,2308500,8737.23516,47.969538
8737.55957,8780.419922,8723.820312,8779.570312,2333300,8779.535774,42.300614
8779.910156,8812.410156,8751.070312,8774.639648,2284900,8774.60513,-4.930644
8802.929688,8849.280273,8769.969727,8849.280273,2044700,8849.245461,74.640331
8847.339844,8873.150391,8826.160156,8873.150391,2291600,8873.115484,23.870023
8906.519531,8922.790039,8883.139648,8905.450195,2439600,8905.415162,32.299678
8902.94043,8913.740234,8871.160156,8888.540039,2584100,8888.505072,-16.91009
8844.910156,8876.44043,8828.589844,8876.44043,2350400,8876.405511,-12.099561
8878.879883,8899.120117,8860.700195,8888.25,2079300,8888.215034,11.809523
8912.389648,8936.570312,8912.389648,8930.570312,2341700,8930.53518,42.320146
8964.339844,8978.519531,8898.299805,8948.099609,2782700,8948.064408,17.529228
8900.129883,8909.969727,8848.240234,8908.049805,2296800,8908.014761,-40.049647
8897.230469,8899.509766,8852.660156,8857.419922,1785900,8857.385078,-50.629683
8898.650391,8918.94043,8889.44043,8916.709961,2081400,8916.674883,59.289805
8921.070312,8968.55957,8894.290039,8923.820312,2175300,8923.785207,7.110324
8942.230469,8962.660156,8921.55957,8944.160156,2287200,8944.124971,20.339764
8994.769531,9002.700195,8945.55957,8966.660156,1853200,8966.624882,22.499911
8961.519531,8965.580078,8938.469727,8951.19043,1811600,8951.155217,-15.469665
8956.219727,8989.05957,8955.19043,8974.709961,2187000,8974.674655,23.519438
9009.589844,9022.280273,8947.860352,8956.919922,2615700,8956.884686,-17.789969
8968.820312,8971.94043,8926.549805,8945.450195,2391300,8945.415005,-11.469681
8945.80957,8951.05957,8749.509766,8774.120117,3379600,8774.085601,-171.329404
8680.139648,8825.929688,8671.650391,8809.709961,2347800,8809.675304,35.589703
8845.599609,8884.480469,8833.370117,8872.110352,2084300,8872.07545,62.400146
8885.700195,8890.089844,8791.44043,8791.44043,2414300,8791.405845,-80.669605
8846.860352,8875.900391,8839.919922,8867.320312,2118600,8867.285429,75.879584
8895.870117,8911.080078,8844.450195,8870.429688,1935700,8870.394792,3.109363
8888.450195,8927.389648,8853.719727,8912.389648,2300600,8912.354588,41.959796
8903.719727,8911.030273,8856.980469,8893.219727,2352500,8893.184741,-19.169847
8925.209961,8941.459961,8891.740234,8930.900391,2466100,8930.865257,37.680516
8943.139648,8945.629883,8878.320312,8889.69043,2428800,8889.655458,-41.209799
8893.719727,8898.30957,8803.429688,8808.610352,2068600,8808.575699,-81.079759
8865.610352,8886.660156,8809.05957,8817.94043,2167800,8817.905741,9.330042
8842.049805,8875.160156,8812.19043,8875.160156,2097100,8875.125242,57.219501
8852.919922,8880.650391,8839.44043,8880.650391,1708000,8880.615455,5.490213
8857.120117,8896.719727,8816.919922,8888.450195,1797600,8888.415229,7.799774
8901.540039,8912.349609,8877.459961,8899.900391,1798700,8899.865379,11.45015
8922.080078,8930.790039,8887.790039,8887.790039,1739900,8887.755075,-12.110304
8894.160156,8905.040039,8848.530273,8862.419922,1651800,8862.385058,-25.370017
8899.820312,8969.629883,8899.820312,8969.629883,2030100,8969.594597,107.209539
8960.790039,9008.219727,8960.790039,9008.219727,2229400,9008.184289,38.589692
9040.490234,9053.75,9026.769531,9036.120117,2254800,9036.08457,27.900281
9045.080078,9059.19043,9035.69043,9055.290039,2064100,9055.254416,19.169846
9072.040039,9125.139648,9069.889648,9121.709961,2500300,9121.674077,66.419661
9123.459961,9131.660156,9093.570312,9109,2347400,9108.964166,-12.709911
9130.660156,9139.570312,9075.910156,9075.910156,3481800,9075.874452,-33.089714
9106.610352,9128.339844,9070.450195,9123.459961,2367700,9123.42407,47.549618
9135.009766,9140.549805,9114.179688,9119.959961,2575200,9119.924084,-3.499986
9127.55957,9140.719727,9094.129883,9140.719727,2772700,9140.683768,20.759684
9167.830078,9174.769531,9122.55957,9134.459961,2858700,9134.424027,-6.259741
9153.929688,9166.580078,9138.929688,9162.740234,2464400,9162.704189,28.280162
9181.900391,9222.370117,9171.75,9222.370117,2518700,9222.333837,59.629648
9218.5,9229.799805,9204.759766,9229.799805,2437300,9229.763496,7.429659
9209.990234,9220.889648,9186.790039,9204.650391,2618000,9204.61418,-25.149316
9192.730469,9207.740234,9171.509766,9196.389648,2357800,9196.353471,-8.260709
9196.230469,9214.19043,9179.55957,9202.929688,2374500,9202.893484,6.540013
9223.019531,9249.870117,9200.860352,9240.599609,2507800,9240.563258,37.669774
9257.650391,9316.639648,9204.349609,9279.929688,3014200,9279.893181,39.329923
9288.69043,9324.400391,9283.379883,9316.80957,2202700,9316.772919,36.879738
9330.349609,9339.830078,9273.790039,9273.790039,2242200,9273.753557,-43.019362
9293.05957,9302.650391,9225.730469,9228.349609,2702500,9228.313306,-45.440251
9232.349609,9276.240234,9232.349609,9246.200195,1913700,9246.163822,17.850516
9250.129883,9255.870117,9229.799805,9242.160156,1987600,9242.123798,-4.040024
9273.360352,9320.94043,9271.349609,9320.94043,2767400,9320.903762,78.779964
9316.889648,9330.950195,9303.570312,9306.830078,2252200,9306.793466,-14.110296
9332.44043,9393.070312,9327.889648,9393.070312,2580300,9393.033361,86.239895
9393.070312,9463.05957,9374.280273,9441.919922,3004800,9441.882778,48.849417
9482,9547.049805,9421.870117,9484.959961,4105500,9484.922648,43.03987
9468.780273,9538.650391,9449.780273,9526.230469,2908200,9526.192993,41.270345
9525.929688,9550.110352,9482.94043,9510.049805,2889200,9510.012393,-16.1806
9497.269531,9520.200195,9454.669922,9520.200195,2805800,9520.162744,10.150351
9515.179688,9540.570312,9499.169922,9530.980469,2811300,9530.942975,10.780231
9510,9522.990234,9478.759766,9489.980469,2679700,9489.943136,-40.999839
9512.889648,9568.75,9512.889648,9565.120117,3202100,9565.082489,75.139353
9561.709961,9591.269531,9478.070312,9495.839844,3371800,9495.802488,-69.280001
9497.80957,9545.990234,9488.120117,9520.299805,2798700,9520.262353,24.459865
9558.419922,9593.679688,9547.94043,9569.169922,2960700,9569.132278,48.869925
9570.330078,9574.129883,9471.650391,9484.730469,3060700,9484.693157,-84.439121
9420.110352,9461.860352,9373.870117,9408.240234,2920100,9408.203223,-76.489934
9335.379883,9421.339844,9335.379883,9400.969727,2324700,9400.932744,-7.270479
9453.780273,9480.139648,9426.299805,9440.969727,2228000,9440.932587,39.999843
9453.230469,9499.360352,9418.740234,9499.360352,2277700,9499.322982,58.390395
9453.230469,9499.360352,9418.740234,9499.360352,2277700,9499.322982,0
9508.259766,9538.070312,9483.519531,9527.540039,2684600,9527.502559,28.179577
9519.990234,9528.700195,9412.480469,9439.290039,2532200,9439.252906,-88.249653
9415.900391,9460.429688,9385.55957,9420.179688,2509800,9420.142629,-19.110277
9457.799805,9483.75,9357.320312,9391.879883,3528000,9391.842936,-28.299693
9409.620117,9456.030273,9398.820312,9447.019531,2519700,9446.982368,55.139432
9436.040039,9438.969727,9313.870117,9315.849609,2521900,9315.812962,-131.169406
9223.75,9274.639648,9201.830078,9266.509766,2400600,9266.473312,-49.33965
9280.290039,9330.19043,9258.179688,9330.19043,2281900,9330.153726,63.680414
9316.820312,9316.820312,9141.44043,9141.44043,2611000,9141.404468,-188.749258
9148.360352,9163.80957,9070.089844,9143.969727,2616100,9143.933755,2.529287
9162.650391,9172.879883,9108.849609,9131.44043,1910100,9131.404507,-12.529248
9120.200195,9120.200195,9014.889648,9085.959961,2139900,9085.924218,-45.480289
9109.830078,9184.959961,9107.209961,9172.910156,1921900,9172.874071,86.949853
9188.849609,9198.099609,9146.980469,9163.120117,1930900,9163.08407,-9.790001
9155.019531,9231.660156,9147.139648,9231.30957,2033400,9231.273255,68.189185
9276.410156,9282.009766,9218.549805,9230.610352,2183500,9230.574039,-0.699216
9243.669922,9243.669922,9172.910156,9206.80957,1924300,9206.773352,-23.800687
9222.730469,9222.730469,9128.660156,9141.30957,1992200,9141.273609,-65.499743
9188.629883,9255.089844,9188.629883,9243.780273,1977100,9243.743909,102.4703
9278.150391,9294.490234,9249.30957,9288.049805,2122000,9288.013266,44.269357
9286.820312,9289.019531,9217.969727,9253.379883,2038000,9253.343481,-34.669785
9273.070312,9380.599609,9271.870117,9380.099609,2488700,9380.062709,126.719228
9393.240234,9409.349609,9369.240234,9390.620117,1912300,9390.583175,10.520466
9394.280273,9418.769531,9386.490234,9393.959961,1984100,9393.923006,3.339831
9426.290039,9491.75,9426.290039,9485.589844,2940500,9485.552528,91.629522
9499.219727,9502.419922,9453.490234,9478.370117,2707500,9478.33283,-7.219698
9459.80957,9470.150391,9425.349609,9436.269531,2271500,9436.23241,-42.10042
9474.410156,9532.660156,9472.959961,9513.05957,2065000,9513.022147,76.789737
9503.650391,9503.650391,9388.129883,9399.719727,2082900,9399.682749,-113.339398
9434.879883,9455.780273,9396.790039,9450.349609,1948400,9450.312433,50.629684
9439.759766,9439.759766,9389.290039,9428.889648,1708100,9428.852556,-21.459877
9446.450195,9451.389648,9365.700195,9407.94043,1650700,9407.90342,-20.949136
9452.139648,9465.929688,9426.990234,9434.769531,1868600,9434.732416,26.828996
9410.620117,9410.620117,9309.049805,9357.610352,1839600,9357.57354,-77.158876
9376.379883,9381.049805,9322.950195,9322.950195,1702100,9322.91352,-34.66002
9324.740234,9333.280273,9223.179688,9223.179688,1793200,9223.143404,-99.770116
9206.410156,9242.230469,9175.610352,9217.459961,1482600,9217.4237,-5.719704
9218.849609,9219.419922,9133.400391,9133.400391,1719500,9133.364461,-84.059239
9171.040039,9252.379883,9159.849609,9195.169922,1884000,9195.133749,61.769288
9211.799805,9237.879883,9201.910156,9237.030273,1554700,9236.993936,41.860187
9268.44043,9289.219727,9235.44043,9240.450195,1815800,9240.413844,3.419908
9220.540039,9220.540039,9106.269531,9134.650391,1780200,9134.614456,-105.799388
9134.290039,9147.209961,9084.900391,9084.900391,1642800,9084.864651,-49.749805
9071.799805,9123.110352,9071.799805,9098.490234,1582000,9098.454442,13.589791
9126.759766,9149.410156,8982.509766,9011.589844,2039500,9011.554393,-86.900049
8957.55957,9001.980469,8913.509766,8989.820312,1705600,8989.784947,-21.769446
9018.459961,9018.459961,8948.089844,8960.759766,1713100,8960.724515,-29.060432
8954.580078,8998.830078,8860.169922,8966.919922,2295900,8966.884647,6.160132
8958.870117,9014.259766,8918.959961,8990.259766,1648000,8990.224399,23.339752
8959.370117,9010.269531,8913.009766,8975.19043,1825200,8975.155122,-15.069277
9010.299805,9113.799805,8998.269531,9106.280273,1873800,9106.24445,131.089328
9118.280273,9122.540039,9065.339844,9095.139648,1626000,9095.103869,-11.140581
9065.669922,9074.799805,8993.450195,9040.80957,1569500,9040.774005,-54.329864
8989.990234,9038.610352,8955.179688,8955.179688,1558600,8955.144459,-85.629546
9021.30957,9054.669922,8946.160156,8966.44043,1777200,8966.405157,11.260698
8767.419922,8795.769531,8711.389648,8711.389648,2328700,8711.355379,-255.049778
8691.830078,8768.389648,8684.19043,8768.389648,1735500,8768.355154,56.999775
8769.389648,8776.910156,8635.410156,8655.509766,2304300,8655.475716,-112.879438
8602.650391,8676.459961,8501.290039,8633.69043,2514700,8633.656466,-21.81925
8688.709961,8699.769531,8512.879883,8512.879883,2655100,8512.846394,-120.810072
8617.080078,8679.849609,8611.169922,8663.139648,1747800,8663.105568,150.259174
8676.320312,8676.320312,8636.669922,8654.639648,1380900,8654.605602,-8.499966
8744.910156,8775.349609,8729.769531,8748.830078,1911300,8748.795661,94.190059
8735.379883,8751.669922,8714.879883,8731.070312,1442500,8731.035965,-17.759696
8740.280273,8750.419922,8629.240234,8646.009766,1539700,8645.975753,-85.060212
8671.509766,8689.669922,8607.230469,8627.780273,1503400,8627.746333,-18.22942
8692.519531,8788.280273,8692.519531,8773.549805,1851800,8773.51529,145.768957
8821.849609,8903.679688,8821.849609,8903.679688,2169000,8903.644661,130.129371
8890.19043,8892.990234,8842.799805,8888.070312,1969100,8888.035348,-15.609313
8909.339844,8974.759766,8885.209961,8974.759766,2025800,8974.72446,86.689112
9009.379883,9029.709961,8965.5,9004.860352,2063400,9004.824927,30.100467
9030.959961,9046.219727,8980.959961,8989.179688,1704900,8989.144325,-15.680602
8997.759766,9013.05957,8941.179688,8962.599609,1633400,8962.564351,-26.579974
8968.790039,8979.969727,8887.360352,8891.019531,1597400,8890.984555,-71.579796
8881.19043,8925.620117,8867.780273,8912.620117,1492600,8912.585056,21.600501
8937.589844,9062.889648,8937.589844,9049.980469,1844200,9049.944867,137.359811
9067.540039,9069.44043,9021.540039,9034.139648,1788700,9034.104109,-15.840758
9030.129883,9030.129883,8894.110352,8918.950195,1688500,8918.915109,-115.189
8947.969727,8980.669922,8927.089844,8980.669922,1337100,8980.634593,61.719484
8992.400391,8996.379883,8950.230469,8982.879883,1670000,8982.844545,2.209952
9003.370117,9024,8878.379883,8884.389648,1620300,8884.354698,-98.489847
8916.080078,8944.259766,8828.150391,8859.070312,1875200,8859.035462,-25.319236
8896.160156,8988.639648,8879.290039,8963.240234,1933300,8963.204974,104.169512
8984.929688,9078.870117,8984.929688,9078.870117,1984700,9078.834402,115.629428
9104.339844,9111.179688,9071.860352,9091.530273,1711900,9091.494508,12.660106
9144.419922,9165.709961,9104.540039,9122.330078,1688500,9122.294192,30.799684
9125.269531,9153.549805,9098.320312,9116.240234,1863300,9116.204372,-6.08982
9125.080078,9146.040039,9112.19043,9122.389648,1572900,9122.353762,6.14939
9153.490234,9217.730469,9153.490234,9165.30957,1657900,9165.273515,42.919753
9163.19043,9201.799805,9158.280273,9187.150391,1671500,9187.114249,21.840734
9038.410156,9164.540039,8998.549805,9117.709961,2000200,9117.674093,-69.440156
9098.360352,9104.839844,9009.69043,9034.790039,2121500,9034.754497,-82.919596
9073.469727,9188.320312,9045.200195,9175.259766,2695800,9175.223671,140.469174
9212.849609,9251.849609,9195.150391,9225.110352,2423500,9225.074061,49.85039
9220.25,9240.509766,9192.290039,9206.570312,2074700,9206.534095,-18.539966
9231.240234,9241.629883,9174.509766,9187.290039,2002500,9187.253897,-19.280198
9163.429688,9177.139648,9127.120117,9128.900391,1841800,9128.864478,-58.389419
9115.330078,9140.490234,9015.519531,9032.160156,2150000,9032.124625,-96.739853
9003.839844,9046.400391,8971.530273,9013.070312,1673000,9013.034856,-19.089769
9041.540039,9084.269531,9022.55957,9027.330078,1621300,9027.294565,14.259709
8987.950195,8997.080078,8943.040039,8985.629883,1671300,8985.594534,-41.700031
8967.820312,9031.070312,8950.910156,8950.910156,1836200,8950.874944,-34.71959
8961.639648,8972.120117,8826.030273,8828.360352,2319700,8828.325622,-122.549322
8912.780273,8946.419922,8876.879883,8878.629883,1975300,8878.594955,50.269333
8981.849609,9035.769531,8953.169922,8999.519531,2477900,8999.484128,120.889173
9032.419922,9099.849609,9024.009766,9095,1954900,9094.964221,95.480093
9123.780273,9138.150391,9093.429688,9097.709961,1867800,9097.674171,2.70995
9096.480469,9186.179688,9096.480469,9186.179688,2610200,9186.14355,88.469379
9186.830078,9198.040039,9153.769531,9158.700195,1831400,9158.664166,-27.479384
9171.910156,9214.070312,9158.389648,9214.070312,1649700,9214.034065,55.369899
9216.429688,9313.330078,9216.429688,9286.280273,2137000,9286.243742,72.209677
9299.099609,9338.05957,9262.700195,9268.429688,1891600,9268.393226,-17.850516
9260.459961,9307.259766,9252.30957,9307.259766,1578600,9307.223152,38.829926
9260.459961,9307.259766,9252.30957,9307.259766,0,9307.223152,0
9292.30957,9292.30957,9182.019531,9274.110352,2311000,9274.073868,-33.149284
9209.929688,9209.929688,9043.44043,9048.339844,2725800,9048.304248,-225.76962
9051.94043,9108.660156,9050.540039,9080.089844,2384100,9080.054124,31.749876
9154.030273,9246.620117,9154.030273,9238.030273,2657600,9237.993932,157.939808
9247.400391,9284.570312,9215.580078,9215.580078,2398800,9215.543825,-22.450107
9198.019531,9229.650391,9178.299805,9178.299805,2205700,9178.263698,-37.280127
9162.769531,9253.820312,9161.709961,9231.799805,2324800,9231.763488,53.49979
9235.900391,9242.200195,9161.709961,9180.230469,2271500,9180.194355,-51.569133
9197.320312,9219.429688,9149.099609,9165.089844,2210200,9165.053789,-15.140566
9245.769531,9256.860352,9109.459961,9138.290039,2591100,9138.25409,-26.799699
9183.759766,9247.089844,9151.820312,9174.05957,1893500,9174.02348,35.76939
9188.759766,9259.30957,9177.480469,9251.69043,1795000,9251.654034,77.630554
9283.790039,9319.709961,9275.679688,9319.709961,2174400,9319.673298,68.019264
9336.80957,9386.55957,9336.80957,9369.509766,2387200,9369.472907,49.799609
9422,9471.799805,9422,9470.94043,2647100,9470.903172,101.430265
9474.55957,9478.530273,9436.469727,9477.669922,1906500,9477.632638,6.729466
9505.55957,9523.730469,9471.19043,9521.589844,1875400,9521.552387,43.919749
9503.200195,9515.290039,9471.30957,9510.919922,1784400,9510.882507,-10.66988
9479.360352,9482.129883,9403.75,9426.900391,1849600,9426.863306,-84.019201
9452.849609,9466.650391,9361.910156,9361.910156,2041700,9361.873327,-64.989979
9368.830078,9410.429688,9352.19043,9386.990234,1650800,9386.953307,25.07998
9394.469727,9460.169922,9394.469727,9448.730469,1649300,9448.693298,61.739991
9477.519531,9533.879883,9477.519531,9513.919922,2134800,9513.882495,65.189197
9511.05957,9517.419922,9472.419922,9512.049805,1523200,9512.012385,-1.87011
9521.879883,9521.879883,9448.650391,9456.179688,1533300,9456.142488,-55.869897
9465.120117,9465.120117,9413.179688,9421.5,1425200,9421.462937,-34.679551
9405.589844,9435.070312,9390.129883,9393.700195,1631400,9393.663241,-27.799696
9430.169922,9488.719727,9430.169922,9462.219727,1909200,9462.182503,68.519262
9496.389648,9500.349609,9447.19043,9496.30957,1563800,9496.272213,34.08971
9500.040039,9542.089844,9499.969727,9529.509766,1601700,9529.472277,33.200064
9500.040039,9542.089844,9499.969727,9529.509766,0,9529.472277,0
9500.040039,9542.089844,9499.969727,9529.509766,0,9529.472277,0
9500.040039,9542.089844,9499.969727,9529.509766,0,9529.472277,0
9500.040039,9542.089844,9499.969727,9529.509766,0,9529.472277,0
9500.040039,9542.089844,9499.969727,9529.509766,0,9529.472277,0
9582.389648,9638.480469,9582.389648,9629.370117,2332200,9629.332236,99.859959
9655.719727,9699.540039,9653.769531,9699.540039,2209800,9699.501882,70.169646
9687.480469,9688.070312,9610.589844,9622.099609,2117000,9622.061757,-77.440125
9687.480469,9688.070312,9610.589844,9622.099609,0,9622.061757,0
9665.110352,9690.429688,9588.360352,9601.360352,2202800,9601.322581,-20.739176
9628.05957,9642.950195,9571.639648,9605.769531,1882000,9605.731743,4.409162
9596.240234,9635.179688,9580.780273,9621.730469,1910300,9621.692618,15.960875
9627.040039,9631.040039,9564.44043,9595.089844,1921600,9595.052098,-26.64052
9587.589844,9645.769531,9574.549805,9645.769531,2120500,9645.731586,50.679488
9617.040039,9617.040039,9549.759766,9562.980469,1785400,9562.942849,-82.788737
9566.25,9583.780273,9520.330078,9536.530273,2012200,9536.492758,-26.450091
9503.280273,9561.80957,9472.540039,9523.179688,2230500,9523.142224,-13.350534
9537.230469,9608.019531,9530.740234,9596,2358800,9595.96225,72.820026
9608.44043,9633.509766,9579.349609,9579.349609,1941300,9579.311925,-16.650325
9583.450195,9590.759766,9512.910156,9512.910156,1773200,9512.872733,-66.439192
9555.099609,9629.799805,9539.44043,9539.44043,2021100,9539.402902,26.530169
9563.740234,9653.429688,9561.5,9653.429688,2195500,9653.391712,113.98881
9668.009766,9745.589844,9668.009766,9736.730469,2389700,9736.692165,83.300453
9706.349609,9749.69043,9705.320312,9749.69043,2580300,9749.652075,12.95991
9759.879883,9775.629883,9729.80957,9758.089844,2206800,9758.051456,8.399381
9759.959961,9768.709961,9701.330078,9731.660156,1945600,9731.621873,-26.429583
9739.25,9743.580078,9653.469727,9667.830078,1966300,9667.792046,-63.829827
9579.629883,9619.120117,9540.030273,9619.120117,2194600,9619.082276,-48.70977
9593.070312,9608.44043,9503.719727,9503.719727,2251300,9503.68234,-115.399936
9533.379883,9556.25,9503.530273,9521.870117,1783800,9521.832659,18.150319
9568.379883,9594.75,9527.870117,9586.44043,2184800,9586.402718,64.570059
9575.110352,9575.110352,9503.530273,9507.660156,1788200,9507.622754,-78.779964
9535.980469,9628.950195,9535.980469,9600.320312,1860500,9600.282546,92.659792
9619.969727,9653.969727,9613.330078,9641.900391,2011600,9641.86246,41.579914
9646.070312,9654.669922,9562,9571.969727,1983700,9571.932071,-69.930389
9597.209961,9663.049805,9559.709961,9568.040039,2165100,9568.002399,-3.929672
9626.879883,9648.339844,9582.839844,9617.700195,2002700,9617.66236,49.659961
9622.639648,9666.519531,9622.589844,9666.519531,1855700,9666.481504,48.819144
9646.280273,9664.099609,9631.19043,9642.219727,2034000,9642.181795,-24.299709
9629.700195,9654.150391,9508.139648,9540.05957,2435600,9540.022041,-102.159754
9578.709961,9656.870117,9578.709961,9656.870117,2224100,9656.832128,116.810087
9608.599609,9615.519531,9570.929688,9570.929688,2047400,9570.892036,-85.940092
9541.830078,9572.650391,9508.570312,9552.849609,1925300,9552.812029,-18.080007
9554.799805,9598.860352,9512.639648,9533.980469,2098100,9533.942963,-18.869066
9549.610352,9630.790039,9549.610352,9613,2128600,9612.962183,79.01922
9655.299805,9814.879883,9655.299805,9797.490234,3637800,9797.451692,184.489509
9839.709961,9961.30957,9839.709961,9913.280273,3791200,9913.241276,115.789584
9941.179688,10002.58008,9937.040039,9973.120117,3381800,9973.080884,59.839608
9998.080078,10014.28027,9918.009766,9956.830078,2770800,9956.790909,-16.289975
9934.820312,9978.870117,9842.5,9853.830078,2859900,9853.791314,-102.999595
9841.150391,9894.900391,9820.049805,9820.049805,2644700,9820.011174,-33.78014
9841.150391,9894.900391,9820.049805,9820.049805,0,9820.011174,0
9853.509766,9871.650391,9800.480469,9845.040039,2298800,9845.00131,24.990136
9849.129883,9855.639648,9788.129883,9820.129883,2134800,9820.091251,-24.910059
9780.389648,9829.429688,9735.94043,9818.200195,2353700,9818.161571,-1.92968
9789.820312,9789.820312,9704.110352,9704.110352,2315900,9704.072176,-114.089395
9724.290039,9760.509766,9692,9692,2012000,9691.961873,-12.110303
9763.94043,9797.19043,9635.879883,9663.719727,2383200,9663.68171,-28.280163
9637.709961,9702.669922,9637.209961,9680.730469,2141500,9680.692386,17.010676
9697.169922,9743.330078,9687.660156,9724.110352,2129200,9724.072098,43.379712
9730.330078,9734.549805,9600.240234,9610.830078,2198400,9610.79227,-113.279828
9638.05957,9644.830078,9552.860352,9579.480469,1997700,9579.442784,-31.349486
9603.75,9612.44043,9550.759766,9606.099609,2154300,9606.06182,26.619036
9623.950195,9722.799805,9623.950195,9716.769531,2439000,9716.731306,110.669486
9726.019531,9736.089844,9662.860352,9685.30957,2182900,9685.271469,-31.459837
9647.530273,9647.530273,9536.160156,9578.55957,2176000,9578.521889,-106.74958
9606.509766,9674.769531,9606.509766,9638.799805,2176100,9638.761887,60.239998
9654.280273,9654.280273,9589.320312,9645.169922,1568200,9645.131979,6.370092
9688.30957,9724.360352,9649.620117,9669.410156,1727100,9669.372118,24.240139
9666.889648,9710.290039,9648.709961,9693.540039,2376600,9693.501906,24.129788
9741.570312,9766.209961,9704.929688,9712.839844,2366200,9712.801634,19.299728
9727.589844,9747.269531,9693,9701.070312,3159400,9701.032149,-11.769485
9688.129883,9692.339844,9589.089844,9625.69043,1981100,9625.652563,-75.379586
9619.879883,9657.019531,9584.55957,9614.259766,2134600,9614.221944,-11.430619
9617.75,9645.480469,9550.44043,9556.519531,2285900,9556.481937,-57.740007
9537.089844,9558.769531,9325.009766,9348.629883,2951500,9348.593106,-207.888831
9328.019531,9371.410156,9272.94043,9340.129883,2478600,9340.09314,-8.499966
9324.219727,9419.219727,9258.980469,9368.429688,2178100,9368.392833,28.299693
9346.110352,9363.519531,9191.870117,9191.870117,2785900,9191.833957,-176.558876
9246.660156,9334.5,9246.660156,9298.5,2190900,9298.463421,106.629464
9330.990234,9358.480469,9251.179688,9302.490234,2059600,9302.453639,3.990218
9304.75,9339.330078,9263.410156,9301.929688,1713100,9301.893095,-0.560544
9304.660156,9324.94043,9252.339844,9259.480469,1595200,9259.444043,-42.449052
9272.700195,9272.700195,9177.950195,9212.780273,1737300,9212.744031,-46.700012
9232.80957,9242.219727,9170.089844,9189.830078,2054200,9189.793926,-22.950105
9189.44043,9243.839844,9187.870117,9218.370117,1959000,9218.333853,28.539927
9247.759766,9371.480469,9247.759766,9341.769531,1993500,9341.732782,123.398929
9375.780273,9438.389648,9375.780273,9391.139648,1944900,9391.102705,49.369923
9390.269531,9409.44043,9364.379883,9397.30957,1725600,9397.272602,6.169897
9415.780273,9500.570312,9415.780273,9476.339844,2096500,9476.302565,79.029963
9481.950195,9489.910156,9442.94043,9462.570312,1584100,9462.533088,-13.769477
9358.959961,9358.959961,9227.110352,9236.099609,1867400,9236.063275,-226.469813
9223.269531,9323.019531,9204.450195,9323.019531,1858800,9322.982855,86.91958
9311.759766,9404.759766,9298.360352,9375.230469,1618400,9375.193587,52.210732
9372.459961,9400.679688,9350.049805,9379.240234,1753300,9379.203337,4.00975
9369.5,9369.5,9265.139648,9358.230469,1571900,9358.193654,-21.009683
9309.860352,9347.540039,9255.959961,9255.959961,1580600,9255.923549,-102.270105
9278.330078,9332.969727,9244.459961,9250.160156,1872800,9250.123767,-5.799782
9225.910156,9225.910156,8946.75,8976.110352,3059900,8976.07504,-274.048727
8861.280273,8946.240234,8750.919922,8914.129883,2589100,8914.094815,-61.980225
8946.719727,9041.879883,8946.719727,9033.919922,2077600,9033.884383,119.789568
9061.580078,9124.759766,9041.759766,9041.759766,2139300,9041.724196,7.839813
9063.540039,9089.469727,9005.099609,9054.200195,1789400,9054.164577,12.440381
9062.759766,9085.30957,9021.820312,9042.209961,1666800,9042.17439,-11.990187
9060.919922,9079.230469,9018,9045.980469,1615500,9045.944883,3.770493
9085,9124.879883,8952.639648,8975,1767100,8974.964693,-70.98019
8997.55957,9010.709961,8940.379883,9005.959961,1714600,9005.924532,30.959839
8955.589844,8968.389648,8896.099609,8918.700195,1720100,8918.66511,-87.259422
8865.360352,8895.879883,8751.709961,8791.120117,2076700,8791.085534,-127.579576
8809.650391,8811.759766,8733.429688,8767.860352,1622400,8767.82586,-23.259674
8733.240234,8733.240234,8553.089844,8556.679688,2322200,8556.646026,-211.179834
8566.419922,8635.879883,8532,8582.490234,2273000,8582.456472,25.810446
8587.700195,8619.410156,8516.230469,8563.480469,2046200,8563.446781,-19.009691
8567.230469,8697.179688,8567.230469,8651.490234,2008700,8651.4562,88.009419
8670.919922,8676.290039,8591.370117,8665.339844,2024400,8665.305755,13.849555
8636.530273,8636.530273,8482.919922,8524.410156,1822300,8524.376622,-140.929133
8538.44043,8590.299805,8433.919922,8510.860352,2242500,8510.826871,-13.549751
8504.94043,8563.009766,8486.269531,8542.269531,1849400,8542.235927,31.409056
8564.549805,8586.240234,8404.669922,8449.55957,1995900,8449.526331,-92.709596
8409.009766,8458.040039,8368.400391,8442.290039,1654200,8442.256828,-7.269503
8410.629883,8484.179688,8374.080078,8466.839844,1708400,8466.806536,24.549708
8542.129883,8586.219727,8393.080078,8394.139648,2176400,8394.106627,-72.699909
8365.150391,8376.589844,8235.950195,8283.379883,2319000,8283.347297,-110.75933
8284.959961,8348.389648,8271.69043,8311.740234,2002800,8311.707537,28.36024
8315.139648,8343.980469,8283.349609,8305.639648,1771200,8305.606975,-6.100562
8307.900391,8308.540039,8213.419922,8213.419922,1730700,8213.387611,-92.219364
8237.080078,8277.219727,8166.77002,8177.220215,1910300,8177.188046,-36.199565
8182.810059,8182.810059,7987.569824,8021.839844,2562600,8021.808287,-155.379759
8008.680176,8063.799805,7951.720215,8029.810059,2051500,8029.77847,7.970183
7941.950195,7941.950195,7786.919922,7786.919922,2548500,7786.889289,-242.889181
7719.629883,7719.629883,7203.069824,7410.339844,3913000,7410.310692,-376.578597
7427.359863,7677.930176,7368.470215,7675.640137,3020700,7675.609941,265.299249
7636.120117,7762.450195,7547.609863,7715.589844,2504000,7715.559491,39.94955
7762.629883,7856.399902,7762.629883,7824.549805,2625000,7824.519024,108.959533
7923.77002,8039.759766,7923.77002,8019.180176,2574100,8019.148629,194.629605
8026.620117,8174.919922,7961.77002,8174.919922,2653300,8174.887763,155.739134
8117.5,8119.899902,8002.180176,8017.560059,2184600,8017.528518,-157.359245
7970.399902,8068.060059,7907.310059,8035.290039,2197000,8035.258429,17.729911
8071.370117,8101.129883,8007.47998,8095.950195,2443000,8095.918347,60.659918
8087.620117,8128.22998,7990.859863,8000.600098,2329400,8000.568624,-95.349723
7990.759766,8053.200195,7957.799805,7986.560059,1496400,7986.52864,-14.039984
7993.100098,8031.259766,7978.779785,8001.5,1503100,8001.468523,14.939883
8097.220215,8296.129883,8097.220215,8286.919922,2746900,8286.887322,285.418799
8247.639648,8274.820312,8214.5,8268.679688,2036300,8268.647159,-18.240163
8271.25,8313.179688,8233.139648,8305.820312,1841800,8305.787638,37.140479
8332.570312,8360.030273,8259.30957,8307.290039,1769100,8307.257359,1.469721
8320.219727,8327.950195,8226.070312,8259.990234,1622000,8259.95774,-47.299619
8298.129883,8342.360352,8276.94043,8333.290039,1864800,8333.257257,73.299517
8377.30957,8467.150391,8377.30957,8445.5,2321600,8445.466776,112.209519
8427.519531,8488.530273,8399.709961,8462.139648,2296800,8462.106359,16.639583
8404.5,8404.5,8285.429688,8307.040039,1810100,8307.00736,-155.098999
8331.44043,8365.919922,8325.780273,8365.919922,1758200,8365.887011,58.879651
8310.820312,8310.820312,8186.220215,8193.419922,1933600,8193.38769,-172.499321
8224.230469,8257.139648,8101.899902,8123.100098,1964900,8123.068142,-70.319548
8131.490234,8152.5,8061.870117,8132.350098,1654300,8132.318106,9.249964
8097.149902,8181.240234,8059.680176,8181.240234,2283600,8181.20805,48.889944
8194.299805,8317.790039,8170.779785,8295.94043,2108700,8295.907794,114.699744
8290.429688,8320.660156,8253.75,8305.030273,1758800,8304.997602,9.089808
8342.990234,8364.589844,8316.830078,8352.360352,1933400,8352.327494,47.329892
8409.30957,8482.830078,8390.889648,8394.099609,2193800,8394.066588,41.739094
8398.530273,8495.230469,8385.040039,8495.230469,2089300,8495.197049,101.130461
8528.459961,8544.929688,8434.5,8445.959961,1977700,8445.926735,-49.270314
8478.339844,8578.219727,8478.339844,8573.719727,2081500,8573.685998,127.759263
8571.570312,8574.110352,8518.410156,8567.919922,1877100,8567.886216,-5.799782
8545.139648,8553.870117,8515.530273,8522.509766,1941200,8522.476239,-45.409977
8573.379883,8652.469727,8573.379883,8601.519531,2055300,8601.485694,79.009455
8596.429688,8627.830078,8574.639648,8604.950195,2165800,8604.916344,3.43065
8628.790039,8670.320312,8603.080078,8631.5,1765400,8631.466044,26.5497
8651.080078,8663.120117,8618.480469,8653.599609,1994500,8653.565567,22.099523
8668.080078,8690.389648,8591.419922,8609.230469,2022800,8609.196601,-44.368966
8600.400391,8631.169922,8594.209961,8608.459961,1675200,8608.426096,-0.770505
8671.519531,8740.080078,8662.030273,8673.80957,1974500,8673.775448,65.349352
8706.80957,8757.139648,8706.80957,8745.360352,1778100,8745.325948,71.5505
8724,8733.530273,8662.769531,8701.320312,1841000,8701.286082,-44.039866
8679.240234,8714.009766,8632.379883,8665.990234,1784700,8665.956143,-35.329939
8682.580078,8704.589844,8568.129883,8571.080078,1985000,8571.04636,-94.909783
8578.25,8586.900391,8503.69043,8554.30957,1963300,8554.275918,-16.770442
8571.530273,8614.769531,8524.009766,8614.769531,1570900,8614.735642,60.459724
8643.209961,8728.05957,8643.209961,8713.19043,2018200,8713.156153,98.420511
8759.94043,8864.169922,8754.179688,8857.019531,2620400,8856.984689,143.828536
8858.730469,8871.870117,8828.040039,8850.179688,1999200,8850.144872,-6.839817
8857.610352,8857.610352,8671.889648,8693.570312,2240500,8693.536113,-156.608759
8702.669922,8746.280273,8623.700195,8642.480469,1754100,8642.44647,-51.089643
8614.549805,8614.549805,8529.540039,8536.900391,1703500,8536.866807,-105.579663
8543.629883,8557.69043,8415.009766,8415.009766,1930600,8414.976662,-121.890145
8426.759766,8467.30957,8374.070312,8428.089844,1541900,8428.056688,13.080026
8402.110352,8453.040039,8329.5,8329.5,1693800,8329.467233,-98.589455
8278.120117,8312.05957,8217.339844,8295.400391,1820000,8295.367757,-34.099476
8369.139648,8471.889648,8369.139648,8419.419922,1799600,8419.386801,124.019044
8432.25,8455.139648,8326.719727,8340.469727,1761600,8340.436916,-78.949885
8382.089844,8477.200195,8357.200195,8477.200195,1792800,8477.166847,136.729931
8472.650391,8484.05957,8434.330078,8465.450195,1579100,8465.416893,-11.749954
8480.589844,8503.080078,8450.009766,8485.730469,1530200,8485.697087,20.280194
8472.240234,8497.830078,8397.44043,8400.139648,1630600,8400.106603,-85.590484
8407.540039,8426.620117,8352.169922,8386.129883,1693600,8386.096893,-14.00971
8411.160156,8510.700195,8411.160156,8484.900391,1659700,8484.867012,98.770119
8493.179688,8505.080078,8397.490234,8398.400391,1419800,8398.367352,-86.49966
8339.830078,8339.830078,8239,8320.610352,3289700,8320.577619,-77.789733
8359.269531,8463.299805,8339.5,8463.299805,1974700,8463.266511,142.688892
8475.959961,8497.19043,8441.280273,8457.400391,1939900,8457.36712,-5.899391
8424.540039,8484.519531,8393.290039,8456.05957,1826900,8456.026305,-1.340815
8423.700195,8423.700195,8355.75,8398.599609,1789400,8398.56657,-57.459735
8432.469727,8535.360352,8432.469727,8454.269531,1799000,8454.236273,55.669703
8442.05957,8453.629883,8335.669922,8343.860352,2054400,8343.827528,-110.408745
8329.860352,8343.370117,8229.620117,8229.620117,2149800,8229.587743,-114.239785
8214.269531,8228.429688,8133.419922,8216.169922,2110400,8216.1376,-13.450143
8217.330078,8253.110352,8108.680176,8115.890137,2056200,8115.85821,-100.27939
8058.669922,8068.97998,7980.589844,8040.160156,1808300,8040.128527,-75.729683
8074.47998,8140.060059,8073.350098,8073.350098,1674400,8073.318338,33.189811
8144.029785,8204.200195,8121.060059,8184.660156,1987800,8184.627959,111.309621
8214.620117,8319.669922,8214.620117,8319.669922,2194700,8319.637193,135.009234
8272.410156,8317.480469,8241.320312,8257.320312,1959000,8257.287829,-62.349364
8228.049805,8289.589844,8191.529785,8282.169922,2161800,8282.137341,24.849512
8283.030273,8316.44043,8261.719727,8292.740234,1832100,8292.707612,10.570271
8296.580078,8359.25,8296.580078,8315.700195,1938800,8315.667482,22.95987
8351.200195,8393.410156,8324.360352,8324.360352,1710600,8324.327604,8.660122
8328.94043,8364.299805,8320.099609,8363.280273,1236500,8363.247373,38.919769
8374.179688,8394.599609,8358.490234,8358.490234,1219000,8358.457353,-4.79002
8349.269531,8351.160156,8286.839844,8293.910156,1186200,8293.877529,-64.579824
8313.370117,8342.339844,8262.519531,8279.990234,1300600,8279.957662,-13.919867
8273.769531,8338.05957,8258.730469,8338.05957,1191500,8338.026769,58.069107
8315.790039,8326.330078,8109.089844,8114.259766,1717400,8114.227845,-223.798924
8105,8142.640137,8055.959961,8075.109863,1710600,8075.078097,-39.149748
8064.25,8076.540039,7948.430176,7990.390137,2040600,7990.358703,-84.719394
7963.240234,7980.5,7770.160156,7852.060059,2544700,7852.029169,-138.329534
7811.200195,7906.549805,7788.709961,7893.970215,1875700,7893.939161,41.909992
7855.799805,7855.799805,7726.220215,7788.419922,1949300,7788.389283,-105.549878
7807.930176,7851.810059,7732.109863,7768.450195,2027700,7768.419635,-19.969648
7799.560059,7865.97998,7786.330078,7824.609863,1698800,7824.579082,56.159447
7752.089844,7752.089844,7662.339844,7742.879883,1809100,7742.849423,-81.729659
7809,7842.339844,7708.660156,7762.009766,1991800,7761.979231,19.129808
7678.669922,7834.25,7627.890137,7811.180176,1942500,7811.149447,49.170216
7816.450195,7854.879883,7786.77002,7854.879883,1581200,7854.848982,43.699535
7835.169922,7835.169922,7687.600098,7699.120117,2046500,7699.08983,-155.759152
7713.169922,7748.370117,7664.009766,7664.009766,1763600,7663.979616,-35.110214
7729.009766,7774.120117,7706.140137,7756.180176,1637300,7756.149664,92.170048
7813.72998,7899.660156,7813.72998,7894.149902,1623500,7894.118847,137.969183
7832.100098,7848.629883,7799.580078,7828.669922,1524700,7828.639125,-65.479722
7863.660156,7888.629883,7830.330078,7849.830078,1478800,7849.799198,21.160073
7825.220215,7921.060059,7821.120117,7905.100098,1830200,7905.069,55.269802
7880.779785,8080.600098,7876.819824,8080.600098,2552200,8080.568309,175.499309
8164.240234,8166.799805,8110.870117,8156.959961,1818300,8156.927872,76.359563
8141.52002,8156.25,8091.140137,8131.240234,1768200,8131.208247,-25.719625
8117.220215,8117.220215,8036.600098,8063,1781300,8062.971164,-68.237083
7976.649902,8074.799805,7953.990234,8066.509766,1935700,8066.490053,3.518889
8090.910156,8227.19043,8090.910156,8212.070312,2009100,8212.050244,145.560191
8240.730469,8253.799805,8196.129883,8214.25,1847300,8214.229926,2.179682
8261.740234,8337.969727,8261.740234,8314.669922,2044500,8314.649603,100.419677
8291.830078,8325.040039,8280.389648,8325.040039,1715700,8325.019694,10.370091
8315.790039,8396.620117,8296.179688,8326.679688,1697400,8326.659339,1.639645
8333.589844,8361.790039,8311.94043,8334.639648,1849900,8334.61928,7.959941
8332.660156,8382.25,8264.389648,8282.860352,1825000,8282.84011,-51.77917
8304.179688,8388.629883,8304.179688,8365.860352,2028600,8365.839907,82.999797
8380.530273,8432.740234,8347.799805,8411.160156,1967500,8411.139601,45.299694
8381.379883,8489.009766,8378.05957,8485.69043,1945500,8485.669692,74.530091
8544.660156,8586.25,8540.169922,8544.049805,2308200,8544.028925,58.359233
8569.049805,8630.769531,8561.740234,8611.790039,2574500,8611.768994,67.740069
8611.370117,8648.94043,8584.05957,8643.549805,2396100,8643.528682,31.759688
8656.740234,8727.879883,8632.209961,8659.549805,2424900,8659.528643,15.999961
8655.860352,8668.509766,8575.700195,8664.30957,2643600,8664.288397,4.759754
8649.099609,8657.169922,8588.410156,8634.110352,2198200,8634.089252,-30.199145
8633.660156,8680.429688,8614.969727,8660.700195,2165700,8660.67903,26.589778
8663.290039,8707.969727,8640.959961,8706.139648,2073100,8706.118372,45.439342
8746.480469,8777.049805,8739.570312,8747.900391,2236200,8747.879013,41.760641
8745.570312,8759.94043,8589.410156,8611.179688,2606100,8611.158644,-136.720369
8637.629883,8699.139648,8637.629883,8699.139648,1985300,8699.11839,87.959746
8763.509766,8826.839844,8716.879883,8734.540039,2375000,8734.518694,35.400304
8747.049805,8810.709961,8747.049805,8810.709961,2473700,8810.688429,76.169735
8826.160156,8840.75,8747.589844,8812.700195,1740400,8812.678659,1.99023
8806.019531,8814.370117,8713.240234,8785.679688,1884200,8785.658217,-27.020442
8777.879883,8814.5,8734.549805,8766.089844,1743000,8766.068421,-19.589796
8745.419922,8765.959961,8676.870117,8743.379883,1753200,8743.358516,-22.709905
8758.139648,8765.620117,8699.889648,8704.969727,1484000,8704.948453,-38.410063
8713.719727,8737.860352,8676.030273,8690.450195,1609600,8690.428958,-14.519495
8687.05957,8711.110352,8585.709961,8617.349609,1903600,8617.32855,-73.100408
8624.929688,8744.469727,8624.929688,8737.040039,1920800,8737.018688,119.690138
8757.219727,8803.910156,8695.080078,8744.830078,2006100,8744.808708,7.79002
8700.379883,8704.530273,8628.94043,8657.549805,1542800,8657.528647,-87.280061
8605.160156,8605.160156,8496.889648,8513.299805,2018500,8513.279,-144.249647
8523.25,8529.44043,8436.540039,8490.25,1783400,8490.229252,-23.049748
8464.780273,8546.30957,8452.049805,8541.5,1796500,8541.479126,51.249874
8518.959961,8568.44043,8476.570312,8562.589844,1435100,8562.568919,21.089793
8561.209961,8613.55957,8520.139648,8531.179688,1695400,8531.158839,-31.41008
8562.790039,8653.080078,8561.900391,8652.080078,1698200,8652.058934,120.900095
8684.929688,8719.150391,8653.839844,8667.709961,1742000,8667.688779,15.629845
8634.230469,8700.389648,8613.25,8700.389648,1565500,8700.368387,32.679608
8681.799805,8686.980469,8650.129883,8666.009766,1311400,8665.988588,-34.379799
8701.75,8743.349609,8627.290039,8633.719727,1525800,8633.698628,-32.28996
8649.089844,8695.219727,8502.549805,8514.480469,1800900,8514.459661,-119.238967
8549.139648,8568.650391,8508.919922,8568.650391,1397500,8568.629451,54.16979
8560.209961,8580.330078,8501.030273,8535.75,1593200,8535.72914,-32.900311
8541.139648,8560.280273,8513.730469,8560.280273,1113800,8560.259354,24.530214
8556.370117,8622.419922,8554.549805,8581.570312,1291300,8581.549341,21.289987
8561.370117,8597.639648,8537.030273,8563.049805,1429000,8563.028878,-18.520463
8586.919922,8595.990234,8456.379883,8473.870117,1614700,8473.849409,-89.179469
8424.040039,8424.040039,8352.230469,8377.900391,1575700,8377.879917,-95.969492
8362.349609,8363.589844,8268.410156,8294.120117,1644000,8294.099848,-83.780069
8282.519531,8285.959961,8153.569824,8185.470215,1801400,8185.450211,-108.649637
8182.049805,8207.980469,8122.339844,8167.959961,1609100,8167.94,-17.510211
8169.540039,8170.680176,8104.160156,8146.430176,1678500,8146.410268,-21.529732
8156.649902,8177.359863,8106.129883,8131.830078,1365700,8131.810206,-14.600062
8119.709961,8168.129883,8075.580078,8156.290039,1320800,8156.270107,24.459901
8182.919922,8204.509766,8115.439941,8135.560059,1584800,8135.540177,-20.72993
8122.779785,8162.439941,8105.490234,8108.049805,1359700,8108.02999,-27.510187
8095.930176,8095.930176,7999.97998,8053.689941,2020700,8053.67026,-54.35973
8035.209961,8091.47998,8003.930176,8067.600098,1449600,8067.580382,13.910122
8081.890137,8151.200195,8047.310059,8140.47998,1500000,8140.460087,72.879705
8115.609863,8159.680176,8061.259766,8159.680176,1482200,8159.660235,19.200148
8159.930176,8166.959961,8067.330078,8095.97998,1377200,8095.960196,-63.700039
8108.680176,8165.97998,8080.649902,8131.259766,1228000,8131.239895,35.279699
8150.379883,8356.959961,8119.709961,8344.44043,1882300,8344.420038,213.180143
8329.69043,8354.620117,8298,8300.660156,1382700,8300.639871,-43.780167
8352.839844,8417.269531,8352.839844,8396.200195,1675500,8396.179677,95.539806
8400.889648,8410.740234,8376.599609,8394.120117,1328900,8394.099604,-2.080073
8415.589844,8463.610352,8415.589844,8463.610352,1546200,8463.589668,69.490064
8476.620117,8563.400391,8462.150391,8535.870117,1612400,8535.849257,72.259589
8532.209961,8545.730469,8488.900391,8535.589844,2368300,8535.568985,-0.280272
8516.080078,8603.629883,8514.120117,8597.160156,1713400,8597.139147,61.570162
8598.469727,8635.030273,8553.540039,8556.019531,1713200,8555.998622,-41.140525
8565.179688,8601.049805,8559.769531,8587.360352,1446300,8587.339366,31.340744
8605.150391,8664.120117,8557.679688,8597.110352,1253900,8597.093954,9.754588
8622.209961,8692.730469,8621.459961,8679.900391,1653300,8679.883835,82.789881
8704.660156,8754.820312,8690.589844,8715.480469,1745300,8715.463845,35.58001
8634.240234,8634.240234,8520.209961,8536.219727,1795700,8536.210568,-179.253277
8513.509766,8577.30957,8503.419922,8576.120117,1324500,8576.110916,39.900348
8566.429688,8608.290039,8524.549805,8606.370117,1631200,8606.360884,30.249968
8583.19043,8584.669922,8476.839844,8494.139648,1614200,8494.130535,-112.230349
8538.280273,8607.160156,8538.280273,8568.080078,1676500,8568.070886,73.940351
8612.259766,8642.150391,8604.80957,8625.919922,1441600,8625.910667,57.839781
8633.209961,8684.849609,8627.400391,8684.849609,1522900,8684.840292,58.929625
8675.120117,8716.25,8653.040039,8716.25,1616300,8716.240648,31.400356
8706.080078,8711.209961,8662.780273,8676.679688,1277400,8676.670378,-39.57027
8684.530273,8691.299805,8374.259766,8476.990234,2544000,8476.98114,-199.689238
8406.290039,8468.660156,8386.269531,8458.870117,1349900,8458.861042,-18.120098
8438.759766,8505.509766,8396.009766,8505.509766,1527200,8505.50064,46.639598
8530.370117,8609.230469,8530.370117,8586.55957,1952800,8586.550358,81.049718
8615.459961,8666.580078,8583.769531,8666.580078,2157300,8666.57078,80.020422
8692.480469,8755.620117,8680.530273,8738.240234,1877900,8738.230859,71.660079
8728.320312,8782.379883,8712.120117,8760.580078,1488300,8760.570679,22.33982
8738.410156,8747.05957,8693.759766,8716.070312,1539800,8716.060961,-44.509718
8673.530273,8673.530273,8569.150391,8575.75,1803000,8575.740799,-140.320162
8605.379883,8653.700195,8605.379883,8640.910156,1591200,8640.900886,65.160087
8605.379883,8653.700195,8605.379883,8640.910156,1591200,8640.900886,0
8728.230469,8795.799805,8728.230469,8786.469727,2165600,8786.4603,145.559414
8794.730469,8841.459961,8794.299805,8841.459961,1993200,8841.450475,54.990175
8847.040039,8865.419922,8800.169922,8857.75,2219500,8857.740497,16.290022
8837.759766,8877.30957,8818.259766,8866.360352,2035000,8866.350839,8.610342
8857.150391,8949.849609,8857.150391,8949.849609,2268200,8949.840007,83.489168
8952.610352,9008.209961,8952.610352,9008.209961,2099900,9008.200296,58.360289
9018.799805,9034.870117,8972.830078,9034.870117,2370800,9034.860424,26.660128
9013.519531,9034.129883,8969.19043,9007.679688,2140900,9007.670023,-27.190401
9010.219727,9075.889648,9009.790039,9056.55957,2658600,9056.549854,48.879831
9055.169922,9060.150391,9004.240234,9013.139648,2094400,9013.129978,-43.419876
9030.360352,9085.910156,8916.049805,8991.669922,1980900,8991.660275,-21.469703
8983.549805,9024.790039,8960.480469,9024.790039,1792500,9024.780357,33.120082
9058.19043,9084.900391,9042.139648,9063.389648,2133200,9063.379924,38.599567
9060.480469,9081.400391,9015.349609,9076.639648,2369500,9076.62991,13.249986
9066.370117,9071.509766,8984.410156,8984.410156,1899200,8984.400517,-92.229393
9008.740234,9080.709961,9008.740234,9080.709961,1830200,9080.700218,96.299701
9081.05957,9086.419922,9052.709961,9068.759766,1733700,9068.750036,-11.950182
9000.820312,9033.950195,8948.400391,9001.709961,1685800,9001.700303,-67.049733
9009.290039,9035.25,8972.30957,9024.709961,1640000,9024.700278,22.999975
9025.759766,9101.709961,9023.230469,9092.120117,1959600,9092.110362,67.410084
9123.070312,9153.990234,9104.429688,9150.259766,1891100,9150.249948,58.139586
9154,9168.339844,9127.629883,9155.080078,1911500,9155.070256,4.820308
9160.94043,9200.419922,9131.629883,9200.419922,2158200,9200.410051,45.339795
9168.700195,9187.179688,9063.80957,9131.830078,2218600,9131.820281,-68.58977
9135.339844,9173.719727,9135.339844,9150.389648,1924700,9150.379831,18.55955
9152.360352,9162.019531,9117.259766,9148.509766,1666600,9148.49995,-1.879881
9146.089844,9165.580078,9082.339844,9110.360352,1762700,9110.350577,-38.149373
9121.179688,9133.070312,9073.269531,9117.700195,1704800,9117.690413,7.339836
9104.879883,9128.799805,9093.509766,9122.5,1779500,9122.490213,4.7998
9139.69043,9175.129883,9034.269531,9034.269531,1966900,9034.259839,-88.230374
9004.679688,9012.719727,8928.330078,8981.80957,1680100,8981.799934,-52.459905
8987.070312,9046.299805,8986.759766,9030.929688,1606000,9030.919998,49.120064
9043.129883,9054.759766,9016.389648,9017.379883,1538600,9017.370208,-13.54979
9034.469727,9115.469727,9031.339844,9115.469727,1843600,9115.459947,98.089739
9097.019531,9131.719727,9092.080078,9131.719727,1535600,9131.709929,16.249982
9117.530273,9136.419922,9027.349609,9110.169922,1604400,9110.160148,-21.549781
9113.339844,9134.370117,9093.870117,9110.55957,1631700,9110.549796,0.389648
9122.19043,9130.759766,9044.5,9068.849609,2149900,9068.840961,-41.708835
9055.730469,9069.129883,8980.209961,9001.150391,1891700,9001.141806,-67.699155
9015.629883,9038.480469,8958.80957,8987.549805,1968000,8987.541233,-13.600573
9032.379883,9100.049805,9032.379883,9090.129883,1467300,9090.121214,102.579981
9102.830078,9181.849609,9098.599609,9181.849609,1709300,9181.840853,91.719639
9202.230469,9278.879883,9202.230469,9259.070312,1969500,9259.061482,77.220629
9241.950195,9273.570312,9224.889648,9262.889648,1860000,9262.880815,3.819333
9217.370117,9217.370117,9142.129883,9164.879883,1587900,9164.871143,-98.009672
9031.509766,9031.509766,8947.05957,8947.05957,1673200,8947.051038,-217.820105
8983.950195,9014.75,8885.549805,8940.830078,1797200,8940.821551,-6.229487
8913.110352,8965.320312,8895.849609,8902.299805,1755900,8902.291315,-38.530236
9003.410156,9155.379883,9003.410156,9152.879883,1678200,9152.871154,250.579839
9141.209961,9173.459961,9130.900391,9161.580078,1425100,9161.571341,8.700187
9141.919922,9228.5,9133.160156,9228.5,1624800,9228.491199,66.919858
9265.280273,9290.759766,9207.410156,9235.259766,1489300,9235.250958,6.759759
9240.25,9284.620117,9228.660156,9284.620117,1566400,9284.611263,49.360305
9229.339844,9229.339844,9189.490234,9194.519531,1242800,9194.510763,-90.1005
9241.610352,9303.129883,9238.490234,9270.900391,1843300,9270.891549,76.380786
9240.44043,9240.650391,9160.910156,9166.849609,1606100,9166.840867,-104.050682
9219.519531,9256.580078,9212.379883,9234.200195,1379500,9234.191389,67.350522
9228.660156,9287.769531,9224.450195,9287.769531,1396600,9287.760674,53.569285
9260.69043,9276.129883,9244.410156,9272.280273,1339700,9272.271431,-15.489243
9263.400391,9284.30957,9242.830078,9284.30957,1405800,9284.300716,12.029285
9289.660156,9289.950195,9249.05957,9265.80957,1501300,9265.800734,-18.499982
9311.790039,9327.709961,9167.719727,9219.820312,2070400,9219.81152,-45.989214
9201.549805,9258.69043,9166.580078,9252.599609,1385400,9252.590785,32.779265
9268.219727,9285.049805,9187.780273,9219.169922,1523400,9219.16113,-33.429655
9198.259766,9216.629883,9149.870117,9165.169922,1479500,9165.161181,-53.999949
9150.669922,9182.669922,9074.990234,9176.219727,1260400,9176.210975,11.049794
9175.070312,9222.580078,9157.400391,9222.580078,1276700,9222.571283,46.360308
9227.980469,9298.870117,9226.459961,9283.990234,1506800,9283.98138,61.410097
9288.490234,9331.889648,9279.150391,9317.240234,1631700,9317.231349,33.249969
9322.549805,9348.089844,9292.530273,9306.570312,1895600,9306.561437,-10.669912
9333.94043,9343.570312,9308.530273,9322.5,1257600,9322.491109,15.929672
9338.089844,9399.969727,9334.799805,9385.650391,1429900,9385.64144,63.150331
9355.660156,9372.740234,9338.839844,9362.25,1311100,9362.241071,-23.400369
9363.900391,9370.320312,9286.860352,9299.549805,1445200,9299.540936,-62.700135
9307.389648,9320.570312,9276.709961,9306.919922,1372600,9306.911046,7.37011
9283.200195,9314.339844,9194.480469,9290.120117,1320100,9290.111257,-16.799789
9272.299805,9289.120117,9236.820312,9272.700195,1119300,9272.691352,-17.419905
9230.230469,9230.230469,9139.040039,9139.040039,1373000,9139.031323,-133.660029
9126.290039,9154.19043,9067.269531,9067.269531,1401300,9067.260884,-71.770439
9065.110352,9098.879883,9048.209961,9068.150391,1181400,9068.141743,0.880859
9102.969727,9191.669922,9102.969727,9189.839844,1245000,9189.83108,121.689337
9214.950195,9230.200195,9165,9217.429688,1347800,9217.420897,27.589817
9252.269531,9296.860352,8926.599609,8943.200195,2656500,8943.191666,-274.229231
9070.639648,9179.179688,9070.639648,9152.179688,1998400,9152.170959,208.979293
9067.650391,9067.650391,8949.379883,8957.759766,2518700,8957.751223,-194.419736
8955.269531,8991.94043,8879.69043,8940.400391,2151600,8940.391864,-17.359359
8927.919922,8981.049805,8923.360352,8931.030273,1949200,8931.021756,-9.370108
8955.759766,9032.30957,8955.759766,8962.219727,1851700,8962.21118,31.189424
8984.570312,8998.230469,8936.299805,8995.259766,1704600,8995.251187,33.040007
8991.5,9025.980469,8958.219727,9008.790039,1779800,9008.781448,13.530261
9009.780273,9049.759766,8986.400391,9041.110352,1807800,9041.101729,32.320281
9058.580078,9161.19043,9058.580078,9133.389648,2146700,9133.380938,92.279209
9146.719727,9202.719727,9146.719727,9178.230469,1926800,9178.221716,44.840778
9164.839844,9183.160156,9137.55957,9152.110352,2022700,9152.101623,-26.120093
9149.349609,9191.339844,9148.629883,9159.070312,1840100,9159.061578,6.959955
9167.330078,9241.540039,9167.330078,9222.240234,1910200,9222.231439,63.169861
9220.950195,9249.05957,9192.379883,9192.379883,1889200,9192.377143,-29.854296
9196.089844,9240.709961,9189.620117,9240.709961,2538900,9240.707207,48.330064
9245.549805,9278.959961,9241.780273,9263.530273,1996000,9263.527513,22.820306
9214.55957,9214.55957,9165.900391,9189.490234,1730600,9189.487496,-74.040017
9194.459961,9212.19043,9138.639648,9160.660156,1547800,9160.657426,-28.83007
9209.799805,9280.650391,9209.799805,9250.769531,1649700,9250.766774,90.109348
9279,9299.919922,9247.5,9263.889648,174890300,9263.889648,13.122874
9308.900391,9376.410156,9308.900391,9375.860352,2170000,9375.860352,111.970704
9383.070312,9399.25,9366.860352,9392.679688,1811800,9392.679688,16.819336
9402.049805,9430.339844,9336.450195,9349.94043,1697400,9349.94043,-42.739258
9361.969727,9382.139648,9342.55957,9382.139648,1856000,9382.139648,32.199218
9395.599609,9413.129883,9353.25,9368.519531,1658400,9368.519531,-13.620117
9337.209961,9370.509766,9309.790039,9360.349609,1692100,9360.349609,-8.169922
9352.269531,9379.75,9326.780273,9326.780273,1858100,9326.780273,-33.569336
9316.05957,9317.030273,9237.980469,9239.320312,1454800,9239.320312,-87.459961
9229.740234,9258.69043,9199.839844,9242.410156,1349900,9242.410156,3.089844
9234.94043,9263.5,9204.259766,9204.259766,1439700,9204.259766,-38.15039
9204.290039,9209.719727,9118.75,9118.75,1427400,9118.75,-85.509766
9112.330078,9128.830078,9078.639648,9078.639648,1333800,9078.639648,-40.110352
